,dt,code,m30
0,20230701,20,1.0855349021532632
1,20230701,40,0.886046796703911
2,20230701,50,0.958958290635989
3,20230701,70,1.0295647593719766
4,20230701,75,0.9874959438512516
5,20230701,80,0.9445407960958776
6,20230701,87,0.9715589157419594
7,20230701,100,1.0212752564709002
8,20230701,105,1.002254798770015
9,20230701,120,0.9397419460008032
10,20230701,140,0.9652795071800004
11,20230701,145,0.9779898239618084
12,20230701,150,0.9349317142498974
13,20230701,155,0.9297468851899428
14,20230701,157,0.9230380002787464
15,20230701,180,1.0966864913769183
16,20230701,210,0.9054038837284252
17,20230701,215,0.8908910628966059
18,20230701,220,0.8852545704496331
19,20230701,225,0.9302492506348976
20,20230701,227,0.9392191738921056
21,20230701,230,0.7623363847285385
22,20230701,240,0.992373825298412
23,20230701,250,0.9085520320572676
24,20230701,270,1.0336089085395537
25,20230701,300,1.2466299204927729
26,20230701,320,1.0254286827266292
27,20230701,325,1.0301940807979926
28,20230701,370,0.9280945305640972
29,20230701,390,1.018214280238225
30,20230701,400,1.0013831045898187
31,20230701,430,1.0469156006272204
32,20230701,440,0.9901916043036708
33,20230701,480,2.681425873963797
34,20230701,490,1.0565970676011804
35,20230701,500,1.1056906323315048
36,20230701,520,1.099333391458774
37,20230701,540,0.982518146162854
38,20230701,545,1.0015926804623894
39,20230701,547,0.5505666193229246
40,20230701,590,0.9672658804283044
41,20230701,640,1.022083910883994
42,20230701,650,0.9893647424399172
43,20230701,660,1.064530570052579
44,20230701,670,1.0900921481487609
45,20230701,680,0.9713432113909743
46,20230701,700,0.9168696429555606
47,20230701,720,1.0004898179283097
48,20230701,725,0.8801438675114334
49,20230701,760,0.7955232952800105
50,20230701,810,1.0228574576723748
51,20230701,815,1.0200662606036643
52,20230701,850,1.0631787513336617
53,20230701,860,0.9988434626155204
54,20230701,880,0.9863407822201647
55,20230701,885,0.9327273165893052
57,20230701,890,0.9969494579158203
58,20230701,910,0.8932708722259197
59,20230701,950,0.8541693924052945
60,20230701,970,1.0277291576576335
61,20230701,990,1.0504147098333216
62,20230701,995,0.4307702671092289
63,20230701,1000,0.9932140533177432
64,20230701,1020,1.1000006257468216
65,20230701,1040,0.7738759991019329
66,20230701,1045,0.8866949411709577
68,20230701,1060,1.0078741827735722
69,20230701,1065,0.92929257422787
70,20230701,1067,0.9469630527575796
71,20230701,1070,0.7550974617953939
72,20230701,1080,0.7354299870347086
73,20230701,1120,1.2040311218591335
74,20230701,1130,0.955606044740292
75,20230701,1140,0.9384536734517528
76,20230701,1200,1.207560893686501
77,20230701,1210,1.3822444359007866
78,20230701,1230,2.033230573212344
79,20230701,1250,0.9731868028696992
80,20230701,1260,1.035886959817692
81,20230701,1270,1.049053101440525
82,20230701,1275,1.0072226940130309
83,20230701,1290,1.0364147265095904
84,20230701,1340,1.1383398803560192
85,20230701,1360,0.8973153496151913
86,20230701,1380,0.9964761973777928
87,20230701,1390,1.3221139460897733
88,20230701,1420,0.873710299976492
89,20230701,1430,1.0731569065690347
90,20230701,1440,0.9988534191395316
91,20230701,1450,0.94900598052545
92,20230701,1460,0.9587641096651044
93,20230701,1465,0.9931071131819968
94,20230701,1470,1.6229318566530562
95,20230701,1500,0.9757969505353136
96,20230701,1510,0.9693285345813824
97,20230701,1515,0.9857161790868484
98,20230701,1520,1.0029239738723457
99,20230701,1525,1.0156251687132465
100,20230701,1527,0.9915352922198502
101,20230701,1530,1.01595547178671
102,20230701,1540,0.9925118524793994
103,20230701,1550,0.9752538842126538
104,20230701,1560,0.8347295916405191
105,20230701,1570,1.1132013292825609
106,20230701,1620,0.920179353192908
107,20230701,1630,0.9716130563253996
108,20230701,1680,0.9224683350005286
109,20230701,1685,0.9625137225856606
110,20230701,1720,1.0421782911037023
111,20230701,1725,0.9966477420570928
112,20230701,1740,1.0570401198428074
113,20230701,1745,0.5115881103235915
114,20230701,1750,1.024088953607495
115,20230701,1755,1.0162541177733102
116,20230701,1770,0.9349928202318482
117,20230701,1780,1.3659028393641304
118,20230701,1790,0.987793327769736
119,20230701,1795,0.951671682479796
120,20230701,1800,0.9651596562008494
121,20230701,1810,0.9900788355289444
122,20230701,1820,0.9597390324686303
123,20230701,1840,1.050766629924271
124,20230701,1880,1.0084175819935683
125,20230701,1940,0.990865327099072
126,20230701,2020,0.9928277266939984
127,20230701,2025,0.9991576619340188
128,20230701,2030,0.9531951437441788
129,20230701,2070,1.1442874570878945
130,20230701,2100,0.9931709531092028
131,20230701,2140,1.0013139120459384
132,20230701,2150,1.0817979396834343
133,20230701,2170,1.0024340445814788
134,20230701,2200,0.9025278276449912
135,20230701,2210,1.037442901749926
136,20230701,2220,1.023196036002605
137,20230701,2230,0.9850436125810712
138,20230701,2240,1.0311295406872911
139,20230701,2290,0.9328702513586394
140,20230701,2310,1.02757742943085
141,20230701,2320,0.9962440981952112
142,20230701,2350,1.0100931392465398
143,20230701,2355,1.0146357890261457
144,20230701,2360,0.9434048839131888
145,20230701,2380,0.9445695370840836
146,20230701,2390,0.941770076347599
147,20230701,2410,0.9882487062210392
148,20230701,2420,0.9445737065174756
149,20230701,2450,0.9757274674670604
150,20230701,2460,1.0173657983111692
151,20230701,2600,0.9912413252338192
152,20230701,2620,0.9223822301470588
153,20230701,2630,1.0456374282246843
154,20230701,2680,0.9131501269200912
155,20230701,2690,0.9995232613120684
156,20230701,2700,0.9359826301596804
157,20230701,2710,1.021557542900971
158,20230701,2720,0.9681125058221488
159,20230701,2760,0.9892888979932788
160,20230701,2780,1.0375553190898827
161,20230701,2785,0.9986002290661272
162,20230701,2787,0.9667134498954956
163,20230701,2790,0.9095020320007652
164,20230701,2795,0.9106618268851456
166,20230701,2800,0.9676690389256016
167,20230701,2810,0.992062517231396
168,20230701,2820,1.0409291593324657
169,20230701,2840,1.0575540986296996
170,20230701,2870,1.0113048932695996
171,20230701,2880,0.9814851022934724
172,20230701,2900,0.8865058553329813
173,20230701,2920,0.9471680814411876
174,20230701,2960,0.9847708871686314
175,20230701,2990,0.9651148524438072
176,20230701,2995,0.9438221146469126
177,20230701,3000,0.9324653012031766
178,20230701,3010,1.0196722877975648
179,20230701,3030,1.2594841881273688
180,20230701,3060,0.9437110600129188
181,20230701,3070,0.9768724153517097
182,20230701,3075,0.9436607425135946
183,20230701,3080,0.9996495255281656
184,20230701,3090,0.85711448559891
185,20230701,3100,0.8734171445870772
186,20230701,3120,0.9730437987996629
187,20230701,3160,1.0737466847909931
188,20230701,3200,0.9079747816137524
189,20230701,3220,0.988795365554422
190,20230701,3230,0.9989308162354914
191,20230701,3240,0.9739949629646684
192,20230701,3280,1.647524583544443
193,20230701,3300,1.055170786779967
194,20230701,3310,0.9618518351279228
195,20230701,3350,1.0276750412590223
196,20230701,3380,0.9511299402699096
197,20230701,3410,0.912167573446997
198,20230701,3460,0.9966700491118464
199,20230701,3465,0.9998770712803616
200,20230701,3470,0.9522426907204466
201,20230701,3475,0.9861995133593844
202,20230701,3480,1.0168811787958905
203,20230701,3490,1.1052228739858456
204,20230701,3495,1.0094423452632018
205,20230701,3520,0.882260734953159
206,20230701,3530,0.9741532503414808
207,20230701,3535,0.9679652113506748
208,20230701,3540,1.0042645362213316
209,20230701,3545,1.0164958964927644
210,20230701,3547,1.01810365297821
211,20230701,3550,1.0240398747980568
212,20230701,3555,1.0081713150306548
213,20230701,3560,1.0
214,20230701,3570,1.0307779955120724
215,20230701,3580,0.8654221089511487
216,20230701,3610,0.7306040419420582
217,20230701,3620,0.7540835890255305
218,20230701,3650,0.957770665017734
219,20230701,3670,1.0132501218158048
220,20230701,3680,1.024028181934102
221,20230701,3690,0.9945006254473804
222,20230701,3720,0.9058035865641536
223,20230701,3780,0.977789151431835
224,20230701,3800,0.9192707695702258
225,20230701,3830,0.9959420371944394
226,20230701,3850,0.9282215284115966
227,20230701,3920,1.0372777485855045
228,20230701,3925,0.9972126788767808
229,20230701,3960,0.9196731775923932
230,20230701,4000,1.1898388474955963
231,20230701,4020,1.0389438859021256
232,20230701,4060,1.0696347039899996
233,20230701,4080,1.0028842752078464
234,20230701,4090,0.9921239904764196
235,20230701,4100,0.932708295776502
236,20230701,4105,0.9681702545465946
237,20230701,4140,1.0343223357087592
238,20230701,4150,0.989151712693878
239,20230701,4170,0.9023044714699756
240,20230701,4250,1.0332638774939054
241,20230701,4255,0.9645243717038532
242,20230701,4270,1.1721961252929916
243,20230701,4310,0.8689546640149743
244,20230701,4360,0.84182616070051
245,20230701,4365,0.9665484488155712
246,20230701,4370,0.9117497591832412
247,20230701,4380,0.987209638730958
248,20230701,4410,0.959277963432296
249,20230701,4415,0.9629715423120848
250,20230701,4430,1.2542424199278432
251,20230701,4440,1.0447087941833306
252,20230701,4450,1.018107314940447
253,20230701,4490,0.993013631771028
254,20230701,4540,0.9503552080254348
255,20230701,4545,0.957091858751748
256,20230701,4560,0.9867085595000048
257,20230701,4565,0.4458479135998205
258,20230701,4590,1.0690179541684324
259,20230701,4650,0.9658524241094718
260,20230701,4690,0.8892768174992681
261,20230701,4700,0.9967229781711916
262,20230701,4710,1.094849166825898
263,20230701,4720,0.9613112193436716
264,20230701,4770,0.977102195149555
265,20230701,4780,0.9746387630875588
266,20230701,4800,0.9684928347525074
267,20230701,4830,0.9693586839189988
268,20230701,4835,0.9573454797492806
269,20230701,4840,1.083851109327963
270,20230701,4870,0.9676071208703764
271,20230701,4890,0.7311486163636931
272,20230701,4910,0.9894475361731648
273,20230701,4920,1.3781370036563183
274,20230701,4960,1.050529841408791
275,20230701,4970,0.9734571586504234
276,20230701,4980,0.9269578354994764
277,20230701,4985,0.987805490781372
278,20230701,4990,0.8889437983291967
280,20230701,5010,0.9802283579550664
281,20230701,5030,1.0
282,20230701,5070,1.067778312802676
283,20230701,5090,0.9567251732149262
284,20230701,5110,0.9577250664072138
285,20230701,5160,1.0127295187307928
286,20230701,5180,0.9839546545067002
287,20230701,5250,0.9215562347574748
288,20230701,5257,0.9508537822643895
289,20230701,5290,1.11042138703456
290,20230701,5300,0.9070839562495262
291,20230701,5305,0.9385318877469718
292,20230701,5320,0.973905360756908
293,20230701,5360,1.0610198727073694
294,20230701,5380,1.0342116794155256
295,20230701,5385,1.0349654557587695
296,20230701,5387,1.0426460541518645
297,20230701,5389,1.0284170244784547
298,20230701,5390,1.035719884194754
299,20230701,5420,0.957920307186522
300,20230701,5430,1.00152871556705
301,20230701,5440,1.0117477271411852
302,20230701,5490,1.081517988530973
303,20230701,5500,0.9882387760940384
304,20230701,5610,0.8785241238459763
305,20230701,5670,1.0052435038932113
306,20230701,5680,0.9661155894377094
307,20230701,5690,0.8437858608741251
308,20230701,5710,0.9662137711462376
309,20230701,5720,0.9808271939613428
310,20230701,5725,1.0239392744442568
311,20230701,5740,0.9820735191151644
312,20230701,5745,0.9859363535380355
313,20230701,5750,1.2102716487544605
314,20230701,5800,0.983390851234586
315,20230701,5810,1.0569783921548908
316,20230701,5820,1.0410344602570856
317,20230701,5830,1.0116640463937283
318,20230701,5850,1.02397331832251
319,20230701,5860,1.018937382236769
320,20230701,5870,0.954353063005764
321,20230701,5880,1.0934069143006284
322,20230701,5930,1.012089417058658
323,20230701,5935,1.0164125128828505
324,20230701,5940,0.9572039184773186
325,20230701,5945,0.9798727028178198
326,20230701,5950,1.0199604485728606
327,20230701,5960,0.9646388458789714
328,20230701,5965,0.9581697162287284
329,20230701,5990,0.9882521048989104
330,20230701,6040,0.8506108198441156
331,20230701,6050,1.0747830918898649
332,20230701,6060,1.0608729640078745
333,20230701,6090,1.001469515574681
334,20230701,6110,1.1866347297213906
335,20230701,6120,1.02225416528114
336,20230701,6125,0.990622238764712
337,20230701,6140,1.0956260956823212
338,20230701,6200,1.2295302975569242
339,20230701,6220,0.8801159387568428
340,20230701,6260,1.1417269309292717
341,20230701,6280,0.915376490660725
342,20230701,6340,1.018473079108938
343,20230701,6345,0.967827877518068
344,20230701,6360,0.9030477643029188
345,20230701,6370,1.3980218724073727
346,20230701,6380,0.846182448090533
347,20230701,6390,1.012728851633435
348,20230701,6400,0.9334283142417752
349,20230701,6405,0.943767207618382
350,20230701,6490,1.1637745409912428
351,20230701,6570,1.0663513213737663
352,20230701,6580,1.0
353,20230701,6620,0.9620326764537716
354,20230701,6650,1.0398748153119517
355,20230701,6660,0.9352092128092508
356,20230701,6730,0.9805479259858326
357,20230701,6740,1.1578575491579302
358,20230701,6800,0.9931646344752956
359,20230701,6805,0.9855426390144172
361,20230701,6840,1.0243878095458228
362,20230701,6880,1.5013508845562071
363,20230701,6890,1.1392347298710113
364,20230701,6910,0.976098691722606
365,20230701,6920,1.4517113638747117
366,20230701,6980,0.9426028009810796
367,20230701,7070,0.9236447149963992
368,20230701,7110,0.9901315106238524
369,20230701,7120,0.9971604326267248
370,20230701,7160,1.00958775996922
371,20230701,7210,1.0884362978599376
372,20230701,7280,0.9956120920889509
373,20230701,7310,0.884616393670207
374,20230701,7330,0.9775459038799236
375,20230701,7340,1.140765810682834
376,20230701,7370,0.9993317495432096
377,20230701,7390,0.8216111446941701
378,20230701,7460,0.9475243129452487
379,20230701,7530,0.827240114390256
380,20230701,7540,1.260786026582408
381,20230701,7570,0.9762289447617536
382,20230701,7575,0.9324436512718066
383,20230701,7590,1.0195513766287674
384,20230701,7610,1.0
385,20230701,7660,2.0310662745553145
386,20230701,7680,0.9848461509002042
387,20230701,7690,1.2409285628292843
388,20230701,7700,0.9861587209961378
389,20230701,7720,1.04563180594926
390,20230701,7770,0.8926069443662359
391,20230701,7810,1.0643747970051427
392,20230701,7815,1.0044976265988443
394,20230701,7820,0.961031098773305
395,20230701,7860,1.0107565797779754
396,20230701,7980,1.2158692343783049
397,20230701,8040,0.9456452010773782
398,20230701,8060,0.9830360637481244
400,20230701,8110,0.7075622509238106
401,20230701,8250,1.0677691789777723
402,20230701,8260,1.2586409734012332
403,20230701,8290,1.3679662222052544
404,20230701,8350,0.9340420385980204
405,20230701,8355,0.9265116659944416
406,20230701,8370,1.0139594454159142
407,20230701,8420,1.0406595438738142
408,20230701,8470,0.9982412134333152
409,20230701,8490,0.9545257840181304
410,20230701,8500,1.0
411,20230701,8600,0.9714709226767712
412,20230701,8700,0.9334613767204044
413,20230701,8730,0.8588840415966497
414,20230701,8770,0.9527001551542402
415,20230701,8775,0.9042659755407216
416,20230701,8830,0.986953790982964
417,20230701,8870,0.9354980893974872
418,20230701,8930,0.9200347124687892
419,20230701,8970,1.014232681138022
420,20230701,9070,1.0376549396676331
421,20230701,9140,1.0497619729511294
422,20230701,9150,0.9811069069252432
423,20230701,9155,0.9439792676429308
424,20230701,9160,0.8513218836700902
425,20230701,9180,0.9871129093157478
426,20230701,9190,0.9499554223267468
427,20230701,9200,0.9421359896009024
428,20230701,9240,0.9547173650191388
429,20230701,9270,1.0259851449233
430,20230701,9290,1.0267056878367644
431,20230701,9300,1.0073127715660593
432,20230701,9310,1.0656680772637466
433,20230701,9320,0.9927211516632408
434,20230701,9410,1.0143738175318124
435,20230701,9415,1.0576277809254018
436,20230701,9420,0.947155354649176
437,20230701,9440,0.8851978630016618
438,20230701,9450,1.2524080613791693
439,20230701,9460,1.0044386585582772
440,20230701,9470,0.7866616872990836
441,20230701,9520,0.9549396637738772
442,20230701,9540,1.2180525930908432
443,20230701,9580,1.0198791168425414
444,20230701,9620,1.089706503758196
445,20230701,9680,0.9860512051388703
446,20230701,9730,0.9874261302921512
447,20230701,9770,1.0347137337400212
448,20230701,9780,1.358149501199831
449,20230701,9810,0.9972278409262992
450,20230701,9830,0.9501855808233696
451,20230701,9835,0.9051913808788464
452,20230701,9900,1.0577606045893884
453,20230701,9970,1.1556549854229847
454,20230701,10040,0.9811056321448164
455,20230701,10050,0.9856896528802078
456,20230701,10060,1.3419156279855171
457,20230701,10100,1.041450172326118
458,20230701,10120,1.251785427285168
459,20230701,10130,1.016345170234813
460,20230701,10140,1.0931909860839493
461,20230701,10145,0.605288094678336
462,20230701,10170,1.1936409407037278
463,20230701,10240,1.0695346008050246
464,20230701,10280,0.8957940708263317
465,20230701,10400,1.0237301175687978
466,20230701,10420,1.1514924349098827
467,20230701,10470,0.8337817076307696
468,20230701,10580,1.0178124939577662
469,20230701,10600,1.019438890478665
470,20230701,10620,1.1318776762002014
471,20230701,10640,1.018402941834342
472,20230701,10660,1.0684818007193586
473,20230701,10690,1.1181365938295793
474,20230701,10770,1.0200590945183825
475,20230701,10780,0.9063890294600884
476,20230701,10820,0.9306276041774524
477,20230701,10950,0.925871291235026
478,20230701,10955,0.9541580688708547
479,20230701,10960,0.9942301655951372
480,20230701,11000,0.7835406486446189
481,20230701,11040,0.9593534990147738
482,20230701,11070,1.0107460745562518
483,20230701,11080,1.0098611925613292
484,20230701,11090,1.0171744120728
485,20230701,11150,1.074213485856676
486,20230701,11155,0.9787360961819378
487,20230701,11170,0.9330014251305434
488,20230701,11200,1.0667183778433371
489,20230701,11210,1.0984431559465722
490,20230701,11230,0.7791605751844719
491,20230701,11280,0.9328348563368344
492,20230701,11300,0.9962358645304265
493,20230701,11320,1.003643525816006
494,20230701,11330,0.952055095300066
495,20230701,11370,0.9598052210649426
496,20230701,11390,1.1105087896809194
497,20230701,11420,1.0353727433062478
498,20230701,11500,0.9406768405793828
499,20230701,11560,1.03133978105012
500,20230701,11690,0.979667896476608
501,20230701,11700,0.9742734359036505
502,20230701,11760,1.1950103432749086
503,20230701,11780,1.0543494314108313
504,20230701,11785,1.0215069588799026
505,20230701,11790,1.0359188194327151
506,20230701,11810,1.3319826209975412
507,20230701,11930,1.151906417216246
508,20230701,12030,1.3472762081254814
509,20230701,12160,1.0290907255654034
510,20230701,12170,0.984814392165394
511,20230701,12200,0.9390694122900942
512,20230701,12205,0.8726792895506603
513,20230701,12280,0.9905780887385544
514,20230701,12320,0.8526683620738018
515,20230701,12330,1.0457961720426443
516,20230701,12340,0.7837478093893173
517,20230701,12450,1.2227019526788672
518,20230701,12510,0.9971436598567964
519,20230701,12600,1.0
520,20230701,12610,1.0918255553435872
521,20230701,12620,1.015115317486655
522,20230701,12630,0.9435144636428424
523,20230701,12690,1.030842634241834
524,20230701,12700,0.8747638655615194
525,20230701,12750,0.9823622907445714
526,20230701,12790,0.9680634148407756
527,20230701,12800,1.0612162460661427
528,20230701,12860,0.9667588621413756
529,20230701,13000,0.982888449110782
530,20230701,13030,1.1264960581390169
531,20230701,13120,1.0371370356659373
532,20230701,13310,1.1771958768529145
533,20230701,13360,0.9771964405545512
534,20230701,13520,0.9724063781345368
535,20230701,13570,1.0208184030910823
536,20230701,13580,1.0400451903188923
537,20230701,13700,0.9573973272196238
538,20230701,13720,1.005808805903842
539,20230701,13810,1.115833282767777
540,20230701,13870,0.9597540764000634
541,20230701,13890,0.9106910120283174
542,20230701,13990,0.9975803106026412
543,20230701,14100,1.0050089475703796
544,20230701,14130,0.9557299691620142
545,20230701,14160,0.9831069844531511
546,20230701,14190,0.9731521852970504
547,20230701,14200,1.0
548,20230701,14280,1.418398243817922
549,20230701,14285,1.0819663342914665
550,20230701,14440,0.9780849113405738
551,20230701,14470,0.8700316766257344
552,20230701,14530,1.0644594021902742
553,20230701,14570,0.9874303739505976
554,20230701,14580,1.2904285430983509
555,20230701,14620,1.157567335209887
556,20230701,14680,1.039267604416266
557,20230701,14710,0.9089499453180494
558,20230701,14790,0.956034329599372
559,20230701,14820,0.920513768562102
560,20230701,14825,0.9026760009784598
561,20230701,14830,1.1178673190445434
562,20230701,14910,0.8446063852334209
563,20230701,14915,0.9806934359126932
564,20230701,14940,1.1135812031747587
565,20230701,14970,0.964942961072879
566,20230701,14990,1.1466476548051767
567,20230701,15020,1.0874444721358647
568,20230701,15230,1.1266020477334504
569,20230701,15260,0.9213544655647304
570,20230701,15360,0.9568944000133598
571,20230701,15540,1.0
572,20230701,15590,1.2330042175367304
573,20230701,15710,0.9411651320445976
574,20230701,15750,0.9808832239957268
575,20230701,15760,1.0831463495972775
576,20230701,15860,1.0376600656633688
577,20230701,15890,1.021092492420285
578,20230701,16090,0.951491174491641
579,20230701,16100,0.8593339216100802
580,20230701,16250,0.9513130550432412
581,20230701,16360,0.980725227033174
582,20230701,16380,1.018802211305858
583,20230701,16450,1.0629674461976737
584,20230701,16580,0.9148012879328196
585,20230701,16590,0.9421093556611388
586,20230701,16600,1.0391458686313106
587,20230701,16610,0.9682763612019668
588,20230701,16670,1.1902615175298217
589,20230701,16710,0.7800241682568212
590,20230701,16740,1.1510783959949658
591,20230701,16790,0.8264546963470959
592,20230701,16800,1.0261045548442236
593,20230701,16880,0.9714642049266918
594,20230701,16920,0.9785983397560074
595,20230701,17000,1.1076402526728573
596,20230701,17040,1.1153559419327228
597,20230701,17180,0.915451708102059
598,20230701,17250,0.9229042317023244
599,20230701,17370,1.0597861986069852
600,20230701,17390,0.797274112410361
601,20230701,17480,1.086622513934972
602,20230701,17510,1.021891685182673
603,20230701,17550,1.0745013153765663
604,20230701,17650,1.0062103760182577
605,20230701,17670,0.9384585530191502
606,20230701,17800,0.964912598461352
607,20230701,17810,0.984002049600528
608,20230701,17890,1.049275725956121
609,20230701,17900,0.9963191181670488
610,20230701,17940,1.0162985490576857
611,20230701,17960,1.03382170648106
612,20230701,18000,1.5787007556076464
613,20230701,18120,0.9685552249700128
614,20230701,18250,1.1067126707932111
615,20230701,18260,0.989341851541188
616,20230701,18290,1.6109502288506077
617,20230701,18310,0.982090740778548
618,20230701,18470,1.031766159284324
619,20230701,18500,2.3698164265455937
620,20230701,18620,0.9507569597944304
621,20230701,18670,1.0185107498462118
622,20230701,18680,1.0117990727179662
623,20230701,18700,1.0411015836377773
624,20230701,18880,0.9787699814279174
625,20230701,19010,0.9887332221471676
626,20230701,19170,0.9447676412843574
627,20230701,19175,0.977118774117677
628,20230701,19180,1.0788217613229705
629,20230701,19210,0.9843365724804912
630,20230701,19440,0.998640075710325
631,20230701,19490,1.0
632,20230701,19540,1.0561957515591298
633,20230701,19550,0.971113236391904
634,20230701,19570,0.6495198790995813
635,20230701,19590,1.1439129191507298
636,20230701,19660,1.0510226290517974
637,20230701,19680,0.9061226819527592
638,20230701,19685,1.0300504769301029
639,20230701,19770,1.0433480371848631
640,20230701,19990,0.9395789418281164
641,20230701,20000,1.0099977543108851
642,20230701,20120,1.0225758129259297
643,20230701,20150,0.8464083917497343
644,20230701,20180,1.0335011194964658
645,20230701,20400,1.000069868801753
646,20230701,20560,0.9981659689866133
647,20230701,20710,1.1835190157994098
648,20230701,20760,0.9569489600288472
649,20230701,21040,1.0164447454558805
650,20230701,21045,1.0601444540813572
651,20230701,21050,0.9324034840941638
652,20230701,21080,0.9748561380448588
653,20230701,21240,0.9141321380913268
654,20230701,21320,0.987707991419647
655,20230701,21650,0.9843729250437444
656,20230701,21820,1.0086020834407885
657,20230701,21880,1.0174917155944558
658,20230701,22100,1.3669183675854644
659,20230701,22220,0.9632598423977738
660,20230701,23000,1.040723017337566
661,20230701,23150,0.9693974217011956
662,20230701,23160,1.0287764935949897
663,20230701,23350,0.972262081495734
664,20230701,23410,0.976727763294188
665,20230701,23440,0.9966994063518828
666,20230701,23450,0.981541060881291
667,20230701,23460,0.9492067356130048
668,20230701,23530,0.8594269758075719
669,20230701,23590,0.9153903354004074
670,20230701,23600,0.9718928639975196
671,20230701,23760,0.9765697874647224
672,20230701,23770,0.8519728988418063
673,20230701,23790,1.1054182862165112
674,20230701,23800,1.0394976291138662
675,20230701,23810,1.0560477686471583
676,20230701,23900,1.0136441786356931
677,20230701,23910,0.9825684772950316
678,20230701,23960,0.8539433986673142
679,20230701,24060,0.964915920977023
680,20230701,24070,0.9973403820376644
681,20230701,24090,0.9116852706428716
682,20230701,24110,1.013170671741477
683,20230701,24120,0.9843022540731224
684,20230701,24720,0.9898961920800308
685,20230701,24740,0.95710516473452
686,20230701,24800,0.9721806024233524
687,20230701,24810,1.0
688,20230701,24830,1.0338169074698151
689,20230701,24840,0.9596091544578224
690,20230701,24850,0.958149062287082
691,20230701,24880,0.9514978147780266
692,20230701,24890,0.8903505730686759
693,20230701,24900,0.8534756699327878
694,20230701,24910,1.2582831701307449
695,20230701,24940,0.9018088299165196
696,20230701,24950,0.9554514699884612
697,20230701,25000,1.0076704462053327
698,20230701,25320,1.0703226427953612
699,20230701,25440,1.082641706346019
700,20230701,25530,0.8511997807427892
701,20230701,25540,1.001817082443025
702,20230701,25550,0.9992329062309216
703,20230701,25560,1.1232291328852184
704,20230701,25620,0.9927365330097336
705,20230701,25750,1.0080827574957318
706,20230701,25770,0.9114374964683118
707,20230701,25820,1.0984899637776406
708,20230701,25860,0.990197065458509
709,20230701,25870,0.980666287562077
710,20230701,25880,1.0249906367967951
711,20230701,25890,1.0360732579740648
712,20230701,25900,0.8267671495189692
713,20230701,25950,0.9778009335271456
714,20230701,25980,1.1544204768842394
715,20230701,26040,0.9214117642645118
716,20230701,26150,1.0576968405433174
717,20230701,26890,1.1626593549994777
718,20230701,26910,0.9389222353070228
719,20230701,26940,0.9645125740510366
720,20230701,26960,0.9355636912287584
721,20230701,27040,0.9628643774786404
722,20230701,27050,0.987653433214719
723,20230701,27360,0.9640099914711544
724,20230701,27410,0.932342250433169
725,20230701,27580,1.482305247215034
726,20230701,27710,1.0229658268887627
727,20230701,27740,1.0492071007469694
728,20230701,27830,0.9174623876161052
729,20230701,27970,0.9349882802284168
730,20230701,28050,1.0031082211114668
731,20230701,28080,1.0983771933127373
732,20230701,28100,0.9668798895188114
733,20230701,28260,0.9567697206886896
735,20230701,28300,0.8820599446098806
736,20230701,28670,1.1080248533836397
737,20230701,29460,0.9992634639433248
738,20230701,29480,0.8001559971259478
739,20230701,29530,0.9810507236552668
740,20230701,29780,0.9869870330983528
741,20230701,29960,1.0102549727927774
742,20230701,30000,0.9896768616936132
743,20230701,30190,0.967802552364872
744,20230701,30200,0.9455421699918092
745,20230701,30210,0.9343618817489158
746,20230701,30350,0.9152326169886814
747,20230701,30520,0.9040948433445128
748,20230701,30530,1.0103515028657146
749,20230701,30610,0.9930196909438836
750,20230701,30720,0.9788511244774564
751,20230701,30790,1.0
752,20230701,30960,1.010881578231458
753,20230701,31310,1.0190257461073355
754,20230701,31330,0.9664838070518864
755,20230701,31430,0.9456075124823732
756,20230701,31440,0.9486867021903126
757,20230701,31510,1.0019016592132868
758,20230701,31820,0.9147970518846796
759,20230701,31860,1.0381121070427148
760,20230701,31980,2.0946086091915577
761,20230701,32080,0.9725557042123144
762,20230701,32190,0.8868125404996791
763,20230701,32280,0.9819970090853388
764,20230701,32300,0.9029393234946784
765,20230701,32350,0.952571302991263
766,20230701,32500,0.7978967178219684
767,20230701,32540,0.9137875845790118
768,20230701,32560,1.0715557214749194
769,20230701,32580,0.889510259920079
770,20230701,32620,0.9782193969542232
771,20230701,32640,0.9563685655994694
772,20230701,32680,1.486617804177447
773,20230701,32685,1.1486691061180576
774,20230701,32750,1.0062969971066067
775,20230701,32790,1.0311952075302242
776,20230701,32800,0.7332938185887674
777,20230701,32820,0.9477341413013068
778,20230701,32830,1.0166594571629637
779,20230701,32850,1.0026274222350977
780,20230701,32860,1.0
781,20230701,32940,0.9914221392355308
782,20230701,32960,0.9776383249770966
783,20230701,32980,1.3045751647575037
784,20230701,33050,1.0126068542017896
785,20230701,33100,1.2812605220726303
786,20230701,33130,1.027044091134607
787,20230701,33160,1.129885721775878
788,20230701,33170,0.8720912287233259
789,20230701,33180,1.0
790,20230701,33200,0.9557004664198068
791,20230701,33230,1.2157469413415356
792,20230701,33240,0.9693599418676532
793,20230701,33250,0.9632767226131044
794,20230701,33270,1.065237853165287
795,20230701,33290,1.0022895136723544
796,20230701,33310,0.9760739959705196
797,20230701,33320,0.8843734339768312
798,20230701,33340,1.0
799,20230701,33500,1.0776561265400757
800,20230701,33530,1.1460119575502967
801,20230701,33540,0.9122133644236452
802,20230701,33560,0.9682916005918512
803,20230701,33640,0.99355530299081
804,20230701,33780,0.9912082570969172
805,20230701,33790,0.9427774178714032
806,20230701,33830,0.9619525313054028
807,20230701,33920,0.987197338020705
808,20230701,34020,1.1343988327281254
809,20230701,34120,0.9473921273075512
810,20230701,34220,1.0045946196061952
811,20230701,34230,0.9859567416046976
812,20230701,34300,0.9736766903775408
813,20230701,34310,0.962462269416188
814,20230701,34590,0.9885535218477804
815,20230701,34730,0.8889397261354696
817,20230701,34810,0.9751290006252826
819,20230701,34830,1.0035112352915074
820,20230701,34940,0.95675911895161
821,20230701,34950,1.016620633076729
822,20230701,35000,1.0195867009797042
823,20230701,35080,0.9331836035181528
824,20230701,35150,1.0510882655983962
825,20230701,35200,1.00729117565046
826,20230701,35250,0.9546970848889292
827,20230701,35290,0.2765852138550568
828,20230701,35420,0.918176000531045
829,20230701,35460,1.1804063741595574
830,20230701,35510,0.899687681629929
831,20230701,35600,1.0019400389361792
832,20230701,35610,1.0697548864796569
833,20230701,35620,1.0313279907249264
834,20230701,35720,0.8752277460172546
835,20230701,35760,0.8287923254042885
836,20230701,35810,0.989401539987444
837,20230701,35890,0.9846088277966988
838,20230701,35900,1.0774405045093836
839,20230701,36000,1.1188790366468522
840,20230701,36010,1.0047739129264912
841,20230701,36030,1.1242382910454334
842,20230701,36090,1.1210711442206474
843,20230701,36120,0.9144231607913031
844,20230701,36170,0.9945776124587976
845,20230701,36180,1.1724744611988107
846,20230701,36190,1.0009045222733632
847,20230701,36200,1.018693698102064
848,20230701,36420,0.7695853954991357
849,20230701,36460,0.9816687208127866
850,20230701,36480,0.908863126377935
851,20230701,36530,1.0203087203070005
852,20230701,36540,0.9582374571891188
853,20230701,36560,1.0770152145058294
854,20230701,36570,0.920447670007134
855,20230701,36580,1.0715622774920706
856,20230701,36620,1.2621224759776355
857,20230701,36630,0.977621943811939
858,20230701,36640,0.9465118172010364
859,20230701,36670,0.9724033024110263
860,20230701,36690,1.036610957476968
861,20230701,36710,1.0032997434215478
862,20230701,36800,1.093062608113612
863,20230701,36810,0.8978292682785051
864,20230701,36830,0.9610597276613696
865,20230701,36890,1.2483099284848902
866,20230701,36930,1.1438653393008908
867,20230701,37030,0.917892525550993
868,20230701,37070,0.94397318980678
869,20230701,37230,0.9793861907797856
870,20230701,37270,0.9686695264693576
871,20230701,37330,1.0136519261248456
872,20230701,37350,1.084183566550125
873,20230701,37370,0.8030551364074353
874,20230701,37400,1.0190952833328226
875,20230701,37440,0.9160830818204356
876,20230701,37460,0.9600938584682532
877,20230701,37560,0.9765970739345476
878,20230701,37710,0.9945708577869704
879,20230701,37760,1.0378219815056815
880,20230701,37950,0.8723394253240323
881,20230701,38010,1.2248195636509909
882,20230701,38060,0.9325117958626078
883,20230701,38070,0.9510129200303244
884,20230701,38110,0.992799227366769
885,20230701,38290,1.2811131535508171
886,20230701,38340,1.0
887,20230701,38390,0.9027431938480373
888,20230701,38460,0.981239213500762
889,20230701,38500,0.923946528144057
890,20230701,38530,0.7179217592257026
891,20230701,38540,0.9004347885967484
892,20230701,38620,1.1202790595027354
893,20230701,38680,1.0606083826175068
894,20230701,38870,0.8668452378571497
895,20230701,38880,0.8968773329691234
896,20230701,38950,0.9821657313378716
897,20230701,39010,0.918957946178058
898,20230701,39020,1.008225889591033
899,20230701,39030,1.2167840927994251
900,20230701,39130,0.936524669588236
901,20230701,39200,0.98727801502121
902,20230701,39240,1.0353202406798352
903,20230701,39290,0.8846948197798796
904,20230701,39310,1.0126241838399366
905,20230701,39340,1.005661311061842
906,20230701,39420,1.009148548626834
907,20230701,39440,1.5487145479536233
908,20230701,39490,0.9441158723532618
909,20230701,39560,1.7053070814776223
910,20230701,39570,0.9603702260039116
911,20230701,39610,1.0754767923937316
912,20230701,39740,0.8788644684973641
913,20230701,39830,1.004781033397606
914,20230701,39840,1.2358955455931877
915,20230701,39860,0.8978482396377282
916,20230701,39980,1.0086931836853985
917,20230701,40160,0.9370832220477968
918,20230701,40300,1.0997918148337122
919,20230701,40350,0.9090530538062542
920,20230701,40420,1.00046350294954
921,20230701,40610,1.1236270162287567
922,20230701,40910,0.8801902485622383
923,20230701,41020,1.341083928651718
924,20230701,41190,1.0173845900086196
925,20230701,41440,1.1399510747554904
926,20230701,41460,0.950052643628059
927,20230701,41510,0.9819623690378092
928,20230701,41520,1.2223132528924046
929,20230701,41590,1.0055726768530318
930,20230701,41650,1.012506531129914
931,20230701,41830,1.0996117698740628
932,20230701,41910,0.9655713181716944
933,20230701,41920,1.2017738369839488
934,20230701,41930,0.994307002609547
935,20230701,41960,0.9036021307603224
936,20230701,42000,1.7848777218928893
937,20230701,42040,0.9032888130908336
938,20230701,42110,0.9721011241744542
939,20230701,42370,1.075163808090159
940,20230701,42420,0.8621765776990841
941,20230701,42500,0.9179295607217516
942,20230701,42510,1.1026337249475535
943,20230701,42520,1.5842164450374905
944,20230701,42600,0.8007816890086649
945,20230701,42660,1.359143318763083
946,20230701,42670,1.2741214955199978
947,20230701,42700,1.148494115015337
948,20230701,42940,0.9035994312129868
949,20230701,43090,0.7171034735308031
950,20230701,43100,1.0176868441292164
951,20230701,43150,0.9642925853130628
952,20230701,43200,1.0234831275590257
953,20230701,43220,0.9079002995988044
954,20230701,43260,0.9885729134844664
955,20230701,43340,0.928036546021944
956,20230701,43360,0.9950939034179594
957,20230701,43370,1.0018211842193767
958,20230701,43590,0.8075519596569127
959,20230701,43610,0.9558784070666876
960,20230701,43650,0.9568673421676124
961,20230701,43710,1.0629913373402011
962,20230701,43910,1.1711019195044468
963,20230701,44060,1.0
964,20230701,44180,0.8675647885493043
965,20230701,44340,1.0479909916282293
966,20230701,44380,0.9027327798382822
967,20230701,44450,1.20145246777908
968,20230701,44480,1.1334087379136686
969,20230701,44490,1.243069965334229
970,20230701,44780,0.9922984392919696
971,20230701,44820,1.0476264914893814
972,20230701,44960,0.9289516698098302
973,20230701,45060,0.9542112255608
974,20230701,45100,1.077295588679256
975,20230701,45300,0.9677854026387384
976,20230701,45340,0.969016436105084
977,20230701,45390,1.1421601749361836
978,20230701,45510,1.018020654900096
979,20230701,45520,0.9862039855474451
980,20230701,45660,1.0601378484330817
981,20230701,45970,0.997812809322476
982,20230701,46070,0.8806564606586051
983,20230701,46120,1.2601277442476306
984,20230701,46140,1.0696322223733217
985,20230701,46210,1.7552982785367497
986,20230701,46310,1.0549467768016083
987,20230701,46390,0.9060574987480638
988,20230701,46440,1.367388506185873
989,20230701,46890,1.0426979092514486
990,20230701,46940,1.069924798255724
991,20230701,46970,1.0641209047326774
992,20230701,47040,0.9494615142717724
993,20230701,47050,1.349613606390593
994,20230701,47080,0.9239630263461366
995,20230701,47310,0.9423399948149878
996,20230701,47400,0.8372132703823532
997,20230701,47560,0.9173930919783584
998,20230701,47770,0.962914727349103
999,20230701,47810,1.040608434259485
1000,20230701,47820,0.7874117571258606
1001,20230701,47920,0.8543785518537169
1002,20230701,48260,1.0032082563509457
1003,20230701,48410,1.2921121797301311
1004,20230701,48430,1.310020196329298
1005,20230701,48470,1.046766463328351
1006,20230701,48530,0.8551477170871093
1007,20230701,48550,0.8654719257362777
1008,20230701,48770,0.939888894687646
1009,20230701,48830,1.0845693824560572
1010,20230701,48870,0.9631198553020148
1011,20230701,48910,0.9096314027228192
1012,20230701,49070,0.9616234023767612
1013,20230701,49080,1.0735866508180252
1014,20230701,49120,0.9249590992700044
1015,20230701,49180,1.044682881891354
1016,20230701,49430,0.9769151958291988
1017,20230701,49470,1.0500379138832785
1018,20230701,49480,0.921076848783791
1019,20230701,49520,0.9251143084243154
1020,20230701,49550,0.9300345789170072
1021,20230701,49630,0.9157664597910544
1022,20230701,49720,1.0011015198153213
1023,20230701,49770,0.8886486135003765
1024,20230701,49800,0.9832171991912688
1025,20230701,49830,1.0290500936901044
1026,20230701,49950,1.165751528967867
1027,20230701,49960,0.9180532596590976
1028,20230701,50090,1.0071237055959374
1029,20230701,50110,0.9688731393346692
1030,20230701,50120,0.9464520876273766
1031,20230701,50760,0.8895653975114974
1032,20230701,50860,1.0080925261597795
1033,20230701,50890,0.99036129323413
1034,20230701,50960,0.9420485042706612
1035,20230701,51160,0.994425004904688
1036,20230701,51360,1.2290909252118436
1037,20230701,51370,1.0369532972655855
1038,20230701,51380,1.0774027642768873
1039,20230701,51390,1.0824868580600906
1040,20230701,51490,0.9756959014938416
1041,20230701,51500,1.0300869081599433
1042,20230701,51600,0.9834523165752832
1043,20230701,51630,1.1078667235548576
1044,20230701,51780,0.9348417131058638
1045,20230701,51900,0.8730742411393169
1046,20230701,51905,0.8288442502503968
1047,20230701,51910,0.9675866439544492
1048,20230701,51915,0.9783747304138466
1049,20230701,51980,0.8970211599188782
1050,20230701,52020,0.7682116059341014
1051,20230701,52220,0.9986593229767892
1052,20230701,52260,0.998947906680189
1053,20230701,52300,0.8646995558932411
1054,20230701,52330,0.9515199802679004
1055,20230701,52400,1.0044056374361512
1056,20230701,52420,0.8864539967187407
1057,20230701,52460,1.0230290791647116
1058,20230701,52600,0.9439657489929472
1059,20230701,52670,1.1709531328857603
1060,20230701,52690,1.046182455713319
1061,20230701,52710,1.0277546812016845
1062,20230701,52770,1.450851119627662
1063,20230701,52790,1.0156817472246673
1064,20230701,52860,1.0353436934573583
1065,20230701,52900,0.909783436402594
1066,20230701,53030,0.9471009815711288
1067,20230701,53050,0.8967141545271433
1068,20230701,53060,1.1017707185379153
1069,20230701,53080,1.1187816758191245
1070,20230701,53160,1.0970261800922452
1071,20230701,53210,0.9476981129940872
1072,20230701,53260,1.0908887354830683
1073,20230701,53270,1.020801719086489
1074,20230701,53280,0.9825966258664178
1075,20230701,53290,1.472074896028119
1076,20230701,53300,0.9428474388594305
1077,20230701,53350,0.9248538134382872
1078,20230701,53450,1.1283952998133109
1079,20230701,53580,0.9120815297180556
1080,20230701,53590,1.0
1081,20230701,53610,1.9799501937328552
1082,20230701,53620,1.0158091033371852
1083,20230701,53690,1.0575785223367205
1084,20230701,53700,1.2395570052044338
1085,20230701,53800,1.0148297961131092
1086,20230701,53950,0.9125179591828012
1087,20230701,53980,0.9335591864554588
1088,20230701,54040,0.9352484028977416
1089,20230701,54050,0.9830550421015476
1090,20230701,54090,0.9215640218286572
1091,20230701,54180,0.7876614937327074
1092,20230701,54210,1.0490636529351571
1093,20230701,54220,0.8927611247735512
1094,20230701,54300,1.040683583218029
1095,20230701,54410,1.068496712599574
1096,20230701,54450,1.0552212345366154
1097,20230701,54540,1.0139549859644303
1098,20230701,54620,0.8625334845860568
1099,20230701,54630,0.8076291361189342
1100,20230701,54670,1.00665632491783
1101,20230701,54780,0.9113805289526884
1102,20230701,54800,0.9580995178667764
1103,20230701,54920,0.9025951551063024
1104,20230701,54930,1.0369196266852203
1105,20230701,54940,1.0927508832744846
1106,20230701,54950,1.2480979828160472
1107,20230701,55490,1.0458040762330805
1108,20230701,55550,0.9708972396646248
1109,20230701,56080,1.007874824442617
1110,20230701,56090,1.0
1111,20230701,56190,0.9169196005502148
1112,20230701,56360,1.0449999545087802
1113,20230701,56700,0.8276284789176025
1114,20230701,56730,0.9579175844368828
1115,20230701,57030,0.8793192067430942
1116,20230701,57050,0.9867458678727254
1117,20230701,57540,0.9183429010223224
1118,20230701,57680,1.0888395647736964
1119,20230701,57880,1.0
1120,20230701,58110,0.8465659839626801
1121,20230701,58220,1.0
1122,20230701,58400,1.060865778695668
1123,20230701,58430,1.2226071581455318
1124,20230701,58450,0.997884062487434
1125,20230701,58470,1.140726257689518
1126,20230701,58530,1.0
1127,20230701,58610,0.888887498778313
1128,20230701,58630,0.8951319732793909
1129,20230701,58650,1.0057574330273864
1130,20230701,58730,1.0537639329811337
1131,20230701,58820,0.9323879123064068
1132,20230701,58850,1.125631993834695
1133,20230701,58860,1.050620644346592
1134,20230701,58970,0.9586664085258132
1135,20230701,59090,1.1559314152283042
1136,20230701,59100,0.8834951561790875
1137,20230701,59120,0.9505681603261192
1138,20230701,59210,1.251796304756389
1139,20230701,59270,0.9249662392143198
1140,20230701,60150,1.0218103832003598
1141,20230701,60230,0.9340633766292986
1142,20230701,60240,1.081998033053749
1143,20230701,60250,0.9034973881117824
1144,20230701,60260,1.0813574380057491
1145,20230701,60280,1.841123932146172
1146,20230701,60310,0.916170188299201
1147,20230701,60370,1.1253108521367856
1148,20230701,60380,1.1974518045726417
1149,20230701,60480,0.992437689341862
1150,20230701,60540,0.9596550486985926
1151,20230701,60560,1.0472576613818445
1152,20230701,60570,0.9407343533477076
1153,20230701,60590,0.9786810458133152
1154,20230701,60720,1.038500797828668
1155,20230701,60850,0.9774341685158914
1156,20230701,60900,1.2317748410786868
1157,20230701,60980,1.0431768155226273
1158,20230701,61040,1.0586214472106987
1159,20230701,61250,0.9563121431891164
1160,20230701,61970,1.0135977345408007
1161,20230701,62860,1.0
1162,20230701,62970,1.0975965319616574
1163,20230701,63080,0.8148016707949719
1164,20230701,63160,0.9150443232099248
1165,20230701,63170,1.145053380436177
1166,20230701,63440,0.9182053470962704
1167,20230701,63570,1.2169363519528933
1168,20230701,63760,0.8705638457255621
1169,20230701,64090,0.942092475766818
1170,20230701,64240,1.0526233075552385
1171,20230701,64260,0.9426543210094556
1172,20230701,64290,1.5717307206875846
1173,20230701,64350,1.1950067206274824
1174,20230701,64480,0.8783032678265671
1175,20230701,64520,0.8410906162243995
1176,20230701,64550,0.926544937429282
1177,20230701,64760,1.0947720464658064
1178,20230701,64800,0.9987314557480664
1179,20230701,64820,1.024883192490538
1180,20230701,64850,0.9761048732019112
1181,20230701,64960,1.0325300374201831
1182,20230701,65060,0.9790612496828072
1183,20230701,65130,1.053997711639877
1184,20230701,65150,0.9858012884854712
1185,20230701,65170,1.1915611340442156
1186,20230701,65350,0.9303081779478498
1187,20230701,65370,0.8744788758615899
1188,20230701,65420,0.9918543662259808
1189,20230701,65440,1.0874432003135714
1190,20230701,65450,0.9606917550501544
1191,20230701,65500,1.0873171456913944
1192,20230701,65510,1.2502420060877522
1193,20230701,65530,1.364643844690408
1194,20230701,65560,1.0
1195,20230701,65570,1.631835106056699
1196,20230701,65650,1.068670736651115
1197,20230701,65660,0.9018738904954208
1198,20230701,65680,1.182063060747182
1199,20230701,65690,1.0534635526551954
1200,20230701,65710,0.9971277093398372
1201,20230701,65770,0.99640679752263
1202,20230701,65950,0.9924040993586064
1203,20230701,66130,0.958938782445344
1204,20230701,66310,1.0884583197435629
1205,20230701,66360,1.1643579553017045
1206,20230701,66410,1.0
1207,20230701,66430,1.174833611338829
1208,20230701,66570,1.0331968701945826
1209,20230701,66575,1.0162646395489368
1210,20230701,66590,0.9398156154744568
1211,20230701,66620,0.9628923894752078
1212,20230701,66670,0.9793861560122392
1213,20230701,66700,0.8397098321391067
1214,20230701,66790,0.9377891411116036
1215,20230701,66900,1.0670293788609
1216,20230701,66910,0.9904732872106358
1217,20230701,66970,0.910432489498054
1218,20230701,66980,1.131181580877067
1219,20230701,67000,0.9488652474671576
1220,20230701,67010,1.0237640043111624
1221,20230701,67080,0.9539521854440808
1222,20230701,67160,0.9798617565968804
1223,20230701,67170,0.8898416955049806
1224,20230701,67280,0.967563907785874
1225,20230701,67290,0.903297724347004
1226,20230701,67310,1.303265755349064
1227,20230701,67370,0.9573632129823104
1228,20230701,67390,0.8622659185710524
1229,20230701,67570,1.0065610921363155
1230,20230701,67630,0.9056418091983076
1231,20230701,67730,0.9832883974297292
1232,20230701,67770,0.9915184522255072
1233,20230701,67830,0.9770263074770728
1234,20230701,67900,1.0425539551585887
1235,20230701,67920,1.0691140777245376
1236,20230701,67990,0.9777278794542098
1237,20230701,68050,1.0840334286572522
1238,20230701,68240,0.883125943947129
1239,20230701,68270,0.8972640308918919
1240,20230701,68290,0.9468684229583928
1241,20230701,68330,0.8727485047232708
1242,20230701,68400,1.0651011166292148
1243,20230701,68760,0.8998117153607121
1244,20230701,68790,1.011182657909021
1245,20230701,68930,1.0601542940249726
1246,20230701,68940,1.0
1247,20230701,69080,0.9269262768781544
1248,20230701,69110,1.0
1249,20230701,69140,0.9450196851452872
1250,20230701,69260,0.9815903314569144
1251,20230701,69330,0.864953353562113
1252,20230701,69410,0.8582553727098832
1253,20230701,69460,0.9099488881408784
1254,20230701,69510,1.0163064891505382
1255,20230701,69540,1.0556040356800798
1256,20230701,69620,0.879538021130093
1257,20230701,69640,0.8789956270693071
1258,20230701,69730,0.9899405036494268
1259,20230701,69920,0.857201592221955
1260,20230701,69960,0.9663170671130014
1261,20230701,70300,0.9677884829422784
1262,20230701,70590,0.9740053086444408
1263,20230701,70960,0.9966256792382824
1264,20230701,71050,0.934015947881233
1265,20230701,71055,0.9649338581870044
1266,20230701,71090,1.152857654379182
1267,20230701,71200,1.127544192145535
1268,20230701,71280,0.8763745833936896
1269,20230701,71320,1.0009492374967897
1270,20230701,71460,0.9453633872729892
1271,20230701,71670,1.060431768644356
1272,20230701,71840,0.868252103261269
1273,20230701,71850,0.9862796258419012
1274,20230701,71950,1.069375066635472
1275,20230701,71970,1.3359787374967993
1276,20230701,72020,1.001430026907079
1277,20230701,72130,0.9758497518571764
1278,20230701,72470,1.064377860108627
1279,20230701,72520,1.0362234677382496
1280,20230701,72710,0.938603803761884
1281,20230701,72770,1.1029878040796717
1282,20230701,72870,0.9416491863612664
1283,20230701,72950,0.9953450877776144
1284,20230701,72990,0.9647918403644042
1285,20230701,73010,1.2992265426342895
1286,20230701,73110,0.9469206378677034
1287,20230701,73190,1.0179796955158664
1288,20230701,73240,1.0127105310329634
1289,20230701,73490,1.003110340976057
1290,20230701,73540,1.0505624013847152
1291,20230701,73560,1.045583126335863
1292,20230701,73570,1.0528121812937254
1293,20230701,73640,1.452261580518604
1294,20230701,74430,0.9681778279798284
1295,20230701,74600,1.2006148845228226
1296,20230701,74610,0.7668413717563825
1297,20230701,75130,1.0569511784936785
1298,20230701,75180,0.9993659229175272
1299,20230701,75580,1.0571983996538588
1300,20230701,75970,0.9484130038953448
1301,20230701,76080,0.9599740174834884
1302,20230701,76610,0.8659234913218435
1303,20230701,77360,1.129175579105813
1304,20230701,77500,1.096672144216807
1305,20230701,77970,1.1018756405588552
1306,20230701,78000,0.9972598145444552
1307,20230701,78020,0.9582991471803096
1308,20230701,78070,1.043867766990528
1309,20230701,78130,1.0
1310,20230701,78140,1.1591016670072047
1311,20230701,78150,0.94479442755316
1312,20230701,78160,0.9766411730577546
1313,20230701,78340,0.9166603317608314
1314,20230701,78350,1.2272032795466392
1315,20230701,78520,0.9160380070619294
1316,20230701,78590,1.0
1317,20230701,78600,1.029590649515591
1318,20230701,78650,1.0
1319,20230701,78860,0.8880166212248967
1320,20230701,78890,0.8660529672581766
1321,20230701,78930,0.9538597856072976
1322,20230701,78935,0.977315658820882
1323,20230701,78940,2.3921396555169667
1324,20230701,79000,1.0211623725086565
1325,20230701,79160,0.6182264674359865
1326,20230701,79170,0.8746992881668231
1327,20230701,79190,0.9677551840638888
1328,20230701,79370,1.110587478655088
1329,20230701,79430,1.0692791651436644
1330,20230701,79550,1.0271268601375392
1331,20230701,79650,1.0039648599241375
1332,20230701,79810,0.9303104591333582
1333,20230701,79940,1.0853270695327475
1334,20230701,79950,0.8853501093307105
1335,20230701,79960,1.2038392462663494
1336,20230701,79970,0.8399045896992382
1337,20230701,79980,1.0162678058019463
1338,20230701,80000,0.8528986775226618
1339,20230701,80010,0.9957199851557992
1340,20230701,80160,0.993875176644032
1341,20230701,80220,0.947952572921814
1342,20230701,80420,0.9559151857721874
1343,20230701,80470,0.986897880187773
1344,20230701,80520,0.9158028787189262
1345,20230701,80530,1.0755479947572757
1346,20230701,80580,0.91195023130922
1347,20230701,80720,0.9636405131050616
1348,20230701,81000,1.0653599707467716
1349,20230701,81150,0.937032892495488
1350,20230701,81580,0.9551409809740804
1351,20230701,81660,1.1037793752378475
1352,20230701,82210,0.9146937694368654
1353,20230701,82270,0.8976248425666922
1354,20230701,82640,0.9528344351455524
1355,20230701,82660,0.8600183277519879
1356,20230701,82740,1.1627208710740256
1357,20230701,82800,0.8023793015312427
1358,20230701,82850,0.8613951190011511
1359,20230701,82920,1.2481310369995706
1360,20230701,83310,1.0351006736419956
1361,20230701,83420,0.9050356557484668
1362,20230701,83450,1.066727612654672
1363,20230701,83470,0.7836972787268358
1364,20230701,83500,1.0067412552346084
1365,20230701,83550,0.9590080034063356
1366,20230701,83640,0.9187610646529892
1367,20230701,83650,1.0273083655392752
1368,20230701,83660,0.9115327811447173
1369,20230701,83790,0.796542675669409
1370,20230701,83930,1.292837897020801
1371,20230701,84010,1.0647477938804306
1372,20230701,84110,1.0316437234923526
1373,20230701,84180,1.170263103083527
1374,20230701,84370,1.0981493180215178
1375,20230701,84440,1.4204142448115682
1376,20230701,84650,1.2019998056290433
1377,20230701,84670,0.97014880010805
1378,20230701,84680,0.9878262979439524
1379,20230701,84690,1.1277066591958569
1380,20230701,84695,1.0268327916960234
1381,20230701,84730,0.9131020011161288
1382,20230701,84850,0.8983274785519293
1383,20230701,84870,0.9917864249001084
1384,20230701,84990,0.7968422076966416
1385,20230701,85310,1.0749491462574656
1386,20230701,85370,1.3638891280190724
1388,20230701,85620,1.2104467751974677
1389,20230701,85660,0.9319035523297576
1390,20230701,85670,0.8481637104783688
1391,20230701,85810,1.1516443589278396
1392,20230701,85910,0.965181254086386
1393,20230701,86040,0.8673916486924931
1394,20230701,86060,0.9615130664999876
1395,20230701,86280,1.1782691845044049
1396,20230701,86390,1.030232000715554
1397,20230701,86450,0.9218985973913248
1398,20230701,86520,1.3811024105612697
1399,20230701,86670,1.118784521579942
1400,20230701,86710,1.2475976121547812
1401,20230701,86790,0.9473311672179696
1402,20230701,86820,0.9345824864035448
1403,20230701,86890,0.951420790584536
1404,20230701,86900,0.9666243435694356
1405,20230701,86960,0.8452785054162538
1406,20230701,86980,1.0869678652083747
1407,20230701,87010,1.8892104258796696
1408,20230701,87260,0.9251536586824434
1409,20230701,87600,1.0367375866477528
1410,20230701,88130,0.872030527892865
1411,20230701,88260,0.9565751986835446
1412,20230701,88290,1.0683923856436388
1413,20230701,88350,1.02514115455226
1414,20230701,88390,0.9137170531147928
1415,20230701,88790,0.9513405436262176
1416,20230701,88800,0.8482510115786578
1417,20230701,88910,1.0347970639041333
1418,20230701,88980,0.955801348176518
1419,20230701,89010,1.0255824759643288
1420,20230701,89030,1.1679714645933894
1421,20230701,89140,0.7544277344416989
1422,20230701,89150,0.9074360673546336
1423,20230701,89230,1.0263312176818702
1424,20230701,89470,0.9235092191177818
1425,20230701,89530,1.0
1426,20230701,89590,1.10192253593592
1427,20230701,89600,1.0048251182512595
1428,20230701,89790,1.0359233158096968
1429,20230701,89850,1.0464971621655577
1430,20230701,89860,1.0035352034130929
1431,20230701,89890,1.3969691121418353
1432,20230701,89970,1.4846307222793842
1433,20230701,89980,0.9457936643410692
1434,20230701,90080,0.9007548863764716
1435,20230701,90150,1.0201709309161269
1436,20230701,90350,1.0114435855983062
1437,20230701,90355,0.9915409762951632
1438,20230701,90360,0.9190013952957532
1439,20230701,90370,1.2392078632032244
1440,20230701,90410,1.5347991825187524
1441,20230701,90430,0.9358470398950102
1442,20230701,90435,0.919445545959798
1443,20230701,90460,1.0816151904814248
1444,20230701,90470,1.145174463904258
1445,20230701,90710,0.8888026291493946
1446,20230701,90850,1.2069316169847495
1447,20230701,91090,1.0
1448,20230701,91120,1.2006164037119793
1449,20230701,91340,0.9040646679076664
1450,20230701,91440,0.978447849472448
1451,20230701,91580,0.9832602698376314
1452,20230701,91590,0.8359726262978961
1453,20230701,91700,1.006312201001341
1454,20230701,91810,1.0927672258198204
1455,20230701,91970,0.9267841231027591
1456,20230701,91990,0.8904251264417519
1457,20230701,92040,0.980949253509236
1458,20230701,92070,1.106807430319442
1459,20230701,92130,0.989548043611662
1460,20230701,92190,0.9568153874025978
1461,20230701,92200,1.2332063885314242
1462,20230701,92220,0.9317035457510064
1463,20230701,92230,0.9984012969812194
1464,20230701,92300,0.9476526443432076
1465,20230701,92440,0.9973548946869214
1466,20230701,92460,1.091132619616629
1467,20230701,92600,1.0308111505596111
1468,20230701,92730,1.3078222206768877
1469,20230701,92780,1.0490778448731304
1470,20230701,92870,1.2109153500640315
1471,20230701,93050,1.0363524078527706
1472,20230701,93190,0.9532521823225076
1473,20230701,93230,1.0
1474,20230701,93240,1.0129734425390082
1475,20230701,93320,1.112669396035324
1476,20230701,93370,0.9312054446079274
1477,20230701,93380,0.9997784943496012
1478,20230701,93520,0.8826329182749516
1479,20230701,93640,1.0089537689614212
1480,20230701,93920,0.9752304836309325
1481,20230701,94170,3.0312600101148486
1482,20230701,94280,1.008038860796825
1483,20230701,94360,1.153278601624467
1484,20230701,94480,0.9877055348404084
1485,20230701,94800,0.9702833583876382
1486,20230701,94820,0.9382452438276634
1487,20230701,94840,1.0776960794815436
1488,20230701,94850,0.9337852812725072
1489,20230701,94860,0.958994466341526
1490,20230701,94940,0.9642637651136076
1491,20230701,94970,0.9759759185417052
1492,20230701,95190,0.9730696555066536
1493,20230701,95270,1.0725158233759708
1494,20230701,95340,1.0891065601001348
1495,20230701,95500,0.8953701569864415
1496,20230701,95570,1.0465224919901233
1497,20230701,95610,0.9772405958342478
1498,20230701,95660,0.7952841830618509
1499,20230701,95700,0.8199793365873638
1500,20230701,95720,0.8958409850239676
1501,20230701,95910,0.9860122989068948
1502,20230701,96040,1.0
1503,20230701,96240,0.9483189487846098
1504,20230701,96350,1.5301089277606352
1505,20230701,96530,0.8482163934718269
1506,20230701,96610,0.8252478826987574
1507,20230701,96630,1.016153773440693
1508,20230701,96640,1.0
1509,20230701,96690,0.8644431017420354
1510,20230701,96760,0.9638872321668084
1511,20230701,96770,0.843553112233515
1512,20230701,96775,0.8688499457182061
1513,20230701,96870,1.0303342264432538
1514,20230701,97230,1.113722923668052
1515,20230701,97520,0.925171653487037
1516,20230701,97780,0.9906919027606048
1517,20230701,97800,0.9359862838848848
1518,20230701,97870,0.9664005371671044
1519,20230701,97950,0.8729033946435667
1520,20230701,97955,0.9161224541013762
1521,20230701,98120,1.0454876772464563
1522,20230701,98460,1.1335406087688051
1523,20230701,98660,0.961353734212238
1524,20230701,99190,1.442666792915727
1525,20230701,99220,0.9350518469861996
1526,20230701,99320,0.9350482704298664
1527,20230701,99390,0.9351870964186476
1528,20230701,99410,1.0601520679178111
1529,20230701,99430,1.1324730253271291
1530,20230701,99440,0.940756404121836
1531,20230701,99520,1.0
1532,20230701,99750,0.9251461881812444
1533,20230701,100030,0.9394830850073134
1534,20230701,100090,1.0375037864232417
1535,20230701,100120,1.1229022414870555
1536,20230701,100130,1.0117546236402952
1537,20230701,100220,1.069546822146852
1538,20230701,100250,0.9931281362713934
1539,20230701,100590,1.01651246143219
1540,20230701,100660,1.0401171459786305
1541,20230701,100700,0.9774662692799114
1542,20230701,100790,1.0207394973201418
1543,20230701,100840,1.092300465285542
1544,20230701,101000,0.9533206587473236
1545,20230701,101140,1.0
1546,20230701,101160,0.9853299504983506
1547,20230701,101170,1.0530395038547633
1548,20230701,101240,0.8146122134496332
1549,20230701,101330,1.028493748153505
1550,20230701,101360,1.300575816836285
1551,20230701,101390,0.813648679024
1552,20230701,101400,1.00708146729501
1553,20230701,101490,1.0082323576620005
1554,20230701,101530,1.0006460214259
1555,20230701,101670,0.8755604877499732
1556,20230701,101680,0.976920306205186
1557,20230701,101730,0.8409310021850082
1558,20230701,101930,1.097884412521657
1559,20230701,102120,1.0424713939212968
1560,20230701,102260,0.9851273353889504
1561,20230701,102280,1.0150291773335496
1562,20230701,102370,0.9760144858695804
1563,20230701,102460,0.9339823003688588
1564,20230701,102710,1.191899154320612
1565,20230701,102940,0.9796309199559382
1566,20230701,103140,1.11046119260406
1567,20230701,103230,1.079344329165883
1568,20230701,103590,1.3787751999829632
1569,20230701,103840,1.2271688118045123
1570,20230701,104040,0.9733916080683176
1571,20230701,104200,0.8985115264817212
1572,20230701,104460,1.2508176457717384
1573,20230701,104480,0.9603662728308098
1574,20230701,104540,1.1277810631598677
1575,20230701,104620,0.9334439556364644
1576,20230701,104700,1.017389167523055
1577,20230701,104830,1.1504618011550465
1578,20230701,105330,0.9867407159836136
1579,20230701,105550,1.0247724723728744
1580,20230701,105560,0.9968415596237664
1581,20230701,105630,1.3630565158148351
1582,20230701,105740,1.1079000572601132
1583,20230701,105840,1.0393999759228454
1584,20230701,106080,0.903036717732969
1585,20230701,106190,1.0764268299629962
1586,20230701,106240,1.0311554862932442
1587,20230701,106520,1.0
1588,20230701,107590,1.0073526328872515
1589,20230701,107600,0.9522899795930956
1590,20230701,108230,0.9645008842691064
1591,20230701,108320,0.9831290307558536
1592,20230701,108380,1.1494281736671834
1593,20230701,108490,0.8741459826412046
1594,20230701,108670,1.06270353648949
1595,20230701,108675,0.9823633623667613
1596,20230701,108860,0.8670539553853385
1597,20230701,109070,1.0
1598,20230701,109080,1.0234585355319474
1599,20230701,109610,1.3180554332930956
1600,20230701,109740,0.9344762867525018
1601,20230701,109820,0.9100491759765352
1602,20230701,109860,0.73490961661473
1603,20230701,109960,0.9129401936114132
1604,20230701,110020,1.0541425596260496
1605,20230701,110790,0.9509935533969484
1606,20230701,110990,1.2292223653265602
1607,20230701,111110,1.1231327365187342
1608,20230701,111710,0.9786872239580104
1609,20230701,111770,1.447080830965612
1610,20230701,111870,1.0
1611,20230701,112040,0.8263200672601597
1612,20230701,112290,1.163661458995492
1613,20230701,112610,1.098532117829121
1614,20230701,113810,0.7577765132091069
1615,20230701,114090,0.8390795842709254
1616,20230701,114120,1.0
1617,20230701,114190,0.982318462950658
1618,20230701,114450,0.867102087479856
1619,20230701,114630,0.932423613445322
1620,20230701,114810,1.1336665926539855
1621,20230701,114840,1.013798719419989
1622,20230701,115160,1.0247721841982784
1623,20230701,115180,0.8875783107987824
1624,20230701,115310,0.8637826566296775
1625,20230701,115390,1.0186030603995655
1626,20230701,115440,1.0174057306946318
1627,20230701,115450,0.931226567710528
1628,20230701,115480,1.0612774044102675
1629,20230701,115500,1.004277737538963
1630,20230701,115530,0.97527753578137
1631,20230701,115570,0.9883437240045816
1632,20230701,115610,1.0267331032173963
1633,20230701,115960,0.9153978993247256
1634,20230701,117580,0.9310385792547156
1635,20230701,117670,1.0
1636,20230701,117730,1.2680490244655191
1637,20230701,118000,0.8671816867029161
1638,20230701,118990,0.9134296006169348
1639,20230701,119500,0.9299122429863912
1640,20230701,119610,1.066389532410296
1641,20230701,119650,0.7151431869693164
1642,20230701,119830,1.0465315909946264
1643,20230701,119850,0.8625845347726239
1644,20230701,119860,1.0087212825334015
1645,20230701,120030,1.0936242351584156
1646,20230701,120110,1.1889099376760244
1647,20230701,120115,1.0670207330442607
1648,20230701,120240,1.0000609708945227
1649,20230701,121440,0.9492037827756834
1650,20230701,121600,0.9306864483818462
1651,20230701,121800,1.0
1652,20230701,121850,0.8315419456280047
1653,20230701,121890,1.0
1654,20230701,122310,0.9547928545838046
1655,20230701,122350,1.006692721448187
1656,20230701,122450,0.9706746755125236
1657,20230701,122640,1.2197225301109884
1658,20230701,122690,0.9658252557217564
1659,20230701,122870,0.8232913436485269
1660,20230701,122900,1.0011532725228016
1661,20230701,122990,1.02887330088933
1662,20230701,123010,0.9446778890483912
1663,20230701,123040,0.9508093241780896
1664,20230701,123330,0.968934917294444
1665,20230701,123410,1.0776141330440634
1666,20230701,123420,0.8721431138288736
1667,20230701,123570,0.9817299814778158
1668,20230701,123690,0.9496203275834004
1669,20230701,123700,0.9426836644889376
1670,20230701,123750,0.8675045595440024
1671,20230701,123840,1.0597612439600177
1672,20230701,123860,1.0419953348325843
1673,20230701,123890,1.033346008253268
1674,20230701,124500,1.0026795417060104
1675,20230701,124560,0.9500346509777552
1676,20230701,125210,1.02240783341364
1677,20230701,126340,1.1332779932742842
1678,20230701,126560,0.9538508731669824
1679,20230701,126600,0.8534688399386371
1680,20230701,126640,1.0742417564724964
1681,20230701,126700,1.0276290073718128
1682,20230701,126720,1.0343844249012035
1683,20230701,126880,1.0862738854076406
1684,20230701,127120,0.9750163225531636
1685,20230701,127710,0.9352483320988898
1686,20230701,127980,0.8923777504468848
1687,20230701,128540,0.9726075493379048
1688,20230701,128660,1.3323006741799928
1689,20230701,128820,0.9963141113435954
1690,20230701,128940,1.0610517573692135
1691,20230701,129260,1.009994140587936
1692,20230701,129890,0.8221250998761468
1693,20230701,129920,0.9782444241647992
1694,20230701,130500,0.9627359423030364
1695,20230701,130580,1.003808935244207
1696,20230701,130660,0.978120086314596
1697,20230701,130740,0.9517487488135584
1698,20230701,131030,0.9397164236884108
1699,20230701,131090,0.9918324996040774
1700,20230701,131100,0.952153053031835
1701,20230701,131180,0.9575238377320768
1702,20230701,131220,0.9657487183075876
1703,20230701,131290,1.3013771363394966
1704,20230701,131370,0.9482125029788168
1705,20230701,131400,0.8675171351636002
1706,20230701,131760,0.9021958892538958
1707,20230701,131970,1.12292880083321
1708,20230701,133750,0.9024382892636496
1709,20230701,133820,1.0776447500088016
1710,20230701,134060,1.0057512274695983
1711,20230701,134380,1.0031343361753704
1712,20230701,134580,0.969419286394084
1713,20230701,134790,1.0072255016510676
1714,20230701,136410,0.9116684711199436
1715,20230701,136480,1.0159699561453357
1716,20230701,136490,0.9802092238330996
1717,20230701,136510,1.0
1718,20230701,136540,1.0034819447422862
1719,20230701,137080,0.8870650153981257
1720,20230701,137310,0.7261536427950935
1721,20230701,137400,1.0350223724372931
1722,20230701,137940,0.958143007222298
1723,20230701,137950,1.0753052827654594
1724,20230701,138040,0.9273456694247586
1725,20230701,138070,1.2277536340974775
1726,20230701,138080,0.9290065427508772
1727,20230701,138360,0.9777413931759458
1728,20230701,138490,0.9695961170704792
1729,20230701,138580,0.9322026401899752
1730,20230701,138610,0.9408420910343602
1731,20230701,138690,1.0
1732,20230701,138930,1.0340563319585534
1733,20230701,139050,1629606.1100958183
1734,20230701,139130,1.038162624537344
1735,20230701,139480,0.9131842313039348
1736,20230701,139670,1.0833102561853205
1737,20230701,139990,1.0470846536407434
1738,20230701,140070,0.9694823258488175
1739,20230701,140410,1.5143058474508515
1740,20230701,140520,1.036023789915424
1741,20230701,140670,0.889216384546418
1742,20230701,140860,1.1476432392627158
1743,20230701,140910,1.0641484854676435
1744,20230701,141000,0.974133114770924
1745,20230701,141020,1.0
1746,20230701,141080,0.8868647035060053
1747,20230701,142210,0.9342404657130716
1748,20230701,142280,0.9490710893869116
1749,20230701,142760,0.9264026166252792
1750,20230701,143160,0.871481666606665
1751,20230701,143210,1.0555813476324374
1752,20230701,143240,0.9189414868180108
1753,20230701,143540,0.9091079966718344
1754,20230701,144510,0.848557433394647
1755,20230701,144960,1.0435948952576202
1756,20230701,145020,1.0233452973753268
1757,20230701,145210,0.7759283638160721
1758,20230701,145270,0.982351217780564
1759,20230701,145720,0.9226550642115576
1760,20230701,145990,0.9724680389267089
1761,20230701,145995,0.9470275619937678
1762,20230701,146320,1.1510075557690047
1763,20230701,147760,1.2244129295114732
1764,20230701,147830,1.163092424075518
1765,20230701,148140,1.0
1766,20230701,148150,1.06263258820527
1767,20230701,148250,1.032512568192368
1768,20230701,148780,0.84081852406821
1769,20230701,148930,0.932491880033452
1770,20230701,149950,0.9467822755124278
1771,20230701,149980,1.3479148539075627
1772,20230701,150840,1.0
1773,20230701,150900,1.163354622451127
1774,20230701,151860,0.9038698795643574
1775,20230701,151910,1.1367947574899224
1776,20230701,152550,0.982384213787878
1777,20230701,153460,0.9207402691397636
1778,20230701,153490,1.006511452540184
1779,20230701,153710,0.8745704625219168
1780,20230701,154030,1.043397374308911
1781,20230701,154040,1.4434201258718646
1782,20230701,155650,1.0276157888601052
1783,20230701,155660,1.0092026869176367
1784,20230701,155900,0.9983014712070232
1785,20230701,156100,1.3191168682525891
1786,20230701,158430,0.9026019946565128
1787,20230701,159010,1.0782959869336228
1788,20230701,159580,0.8935259050040322
1789,20230701,159910,0.9232670463601624
1790,20230701,160550,1.091362513555607
1791,20230701,160600,1.0
1792,20230701,160980,1.0394572034215748
1793,20230701,161000,1.2029146913734503
1794,20230701,161390,0.99845342665397
1795,20230701,161570,1.255770787091724
1796,20230701,161580,1.1932835452380464
1797,20230701,161890,1.173970543838868
1798,20230701,162300,1.1735650449676862
1799,20230701,163560,1.050399506261474
1800,20230701,163730,1.0057944500525708
1801,20230701,164060,1.525753496305136
1802,20230701,166090,1.1468995169736529
1803,20230701,166480,0.9993106965509428
1804,20230701,168330,0.8864132722168508
1805,20230701,168360,1.3357132753519274
1806,20230701,168490,1.0139437420069717
1807,20230701,169330,0.9580201297161692
1808,20230701,170030,1.0557257956658337
1809,20230701,170790,1.1773549545750146
1810,20230701,170900,1.0496247471608529
1811,20230701,170920,0.9884234811439548
1812,20230701,171010,1.033790105106349
1813,20230701,171090,0.7949972959954278
1814,20230701,171120,1.5084995984262233
1815,20230701,173130,0.915382929244508
1816,20230701,173940,1.4271463606359325
1817,20230701,174880,1.0
1818,20230701,174900,0.8138433797095653
1819,20230701,175140,1.2021717575308333
1820,20230701,175250,0.8620747704210306
1821,20230701,175330,0.997576758744022
1822,20230701,177350,1.0768247870065208
1823,20230701,177830,0.9691183369929272
1824,20230701,178320,1.1899609512902296
1825,20230701,178780,1.0
1826,20230701,178920,1.1581029859778904
1827,20230701,179290,1.034628746364909
1828,20230701,179530,0.9490262712654892
1829,20230701,179900,0.888546928294442
1830,20230701,180400,0.9119926434164842
1831,20230701,180640,0.9276541432764877
1833,20230701,181340,1.0
1834,20230701,181710,0.9398340670306916
1835,20230701,182360,1.302597354832739
1836,20230701,182400,1.0530924562155437
1837,20230701,183190,0.8440112174668782
1838,20230701,183300,1.1922577826354304
1839,20230701,183490,1.1082694195086027
1840,20230701,184230,0.97670714969124
1841,20230701,185490,0.9436119060781238
1842,20230701,185750,0.933125786757986
1843,20230701,186230,1.0881922900422736
1844,20230701,187220,1.2803559884442306
1845,20230701,187270,1.142089060013572
1846,20230701,187420,0.810476711234563
1847,20230701,187660,1.670352176243758
1848,20230701,187790,1.0802540596168195
1849,20230701,187870,1.002524204156335
1850,20230701,189300,1.0837358656927945
1851,20230701,189330,0.7952373473780214
1852,20230701,189690,1.1398765821585046
1853,20230701,189860,0.9618974670839489
1854,20230701,189980,0.9528604797149088
1855,20230701,190510,0.8893958964908413
1856,20230701,190650,0.949978140240099
1857,20230701,191410,1.16188789252349
1858,20230701,191420,0.9687148937034952
1859,20230701,192080,0.9498296941726724
1860,20230701,192250,0.9466687300971698
1861,20230701,192390,1.128320364145922
1862,20230701,192400,1.085694630217365
1863,20230701,192410,0.937068717807051
1864,20230701,192440,1.0069316247156543
1865,20230701,192650,1.0319948817145692
1866,20230701,192820,1.176650881719029
1867,20230701,193250,0.9843538980257266
1868,20230701,194370,1.1908762802585455
1869,20230701,194480,0.8916295809739679
1870,20230701,194700,0.9195361051111994
1871,20230701,195500,1.1611648982988778
1872,20230701,195870,1.204205179679867
1873,20230701,195940,0.8928505298476699
1874,20230701,195990,0.8736647579726524
1875,20230701,196170,0.8582823703394912
1876,20230701,196300,1.0801518943509252
1877,20230701,196450,0.863922889986399
1878,20230701,196490,1.0748168553552209
1879,20230701,196700,1.0069902827851296
1880,20230701,197140,0.9105882129312338
1881,20230701,198080,1.055965997369198
1882,20230701,198440,0.9110658519182864
1883,20230701,198940,0.974179364748786
1884,20230701,199730,0.9805190982466512
1885,20230701,199800,0.845945685792574
1886,20230701,199820,1.245534293455988
1887,20230701,200130,0.909355645476496
1888,20230701,200230,1.018482046044023
1889,20230701,200350,0.8999146503921411
1890,20230701,200470,1.293884631086474
1891,20230701,200670,1.1320000029801844
1892,20230701,200710,1.026423810475201
1893,20230701,200780,1.0053457422259662
1894,20230701,200880,0.98101173869578
1895,20230701,201490,0.8724035644809283
1896,20230701,203400,1.0407366154099766
1897,20230701,203450,1.0477414642864742
1898,20230701,203650,1.1115596046692746
1899,20230701,203690,1.6904220165950925
1900,20230701,204020,1.1457733243729338
1901,20230701,204210,1.1064976808455087
1902,20230701,204270,0.965714381126714
1903,20230701,204320,1.1240894427721333
1904,20230701,204610,0.9988937279680546
1905,20230701,204620,1.026692325976751
1906,20230701,204630,0.768972402307742
1907,20230701,204840,0.9547980363911612
1908,20230701,205100,0.9758770318378164
1909,20230701,205470,0.907535614167726
1910,20230701,205500,0.9522508549513996
1911,20230701,206400,0.9680077663579748
1912,20230701,206560,1.024315677978378
1913,20230701,206640,1.132197505741951
1914,20230701,206650,0.9893620702076892
1915,20230701,207760,0.9313017739576336
1916,20230701,207940,0.949864173541749
1917,20230701,208140,1.011169939651447
1918,20230701,208340,1.0310085562422906
1919,20230701,208350,0.9287618978330338
1920,20230701,208370,0.978863250920326
1921,20230701,208640,0.9659411098314368
1922,20230701,208710,1.800444482021395
1923,20230701,208860,1.0
1924,20230701,210540,1.247497982891547
1925,20230701,210980,1.0789504434438857
1926,20230701,211050,1.0415137607854843
1927,20230701,211270,0.9045709229747376
1928,20230701,212560,0.9836508746792852
1929,20230701,213420,1.004144928024565
1930,20230701,213500,1.000414070302787
1931,20230701,214150,1.2522590092556
1932,20230701,214180,1.0359161189822037
1933,20230701,214260,1.0181287408098418
1934,20230701,214270,0.9054529398406006
1935,20230701,214310,1.0
1936,20230701,214320,1.0086312236452406
1937,20230701,214330,1.0757529994136028
1938,20230701,214370,1.4317316797992403
1939,20230701,214390,0.9660229092617768
1940,20230701,214420,1.2664835669689951
1941,20230701,214430,1.2744513400209154
1942,20230701,214450,1.257739876659359
1943,20230701,214610,0.8037072135870996
1944,20230701,214680,1.1597894950690104
1945,20230701,214870,1.0
1946,20230701,215000,1.0375641057216372
1947,20230701,215090,1.0
1948,20230701,215100,0.9011577302184706
1949,20230701,215200,0.8184220438140769
1950,20230701,215360,1.336414909154048
1951,20230701,215380,0.9843383144164496
1952,20230701,215480,0.9842363520191896
1953,20230701,215600,0.8673937960151904
1954,20230701,215790,1.3478761830169228
1955,20230701,216050,0.987458665626866
1956,20230701,216080,1.0306380431833089
1957,20230701,217190,0.9765445644552584
1958,20230701,217270,0.9097414094190092
1959,20230701,217330,1.0376536624271633
1960,20230701,217480,1.0
1961,20230701,217500,0.944259738087219
1962,20230701,217620,1.4857064085326055
1963,20230701,217730,1.04166434267386
1964,20230701,217820,0.9675604582515044
1965,20230701,218150,0.931975270891873
1966,20230701,218410,0.9473489272631568
1967,20230701,219130,1.12745398943321
1968,20230701,219420,0.9586459584950776
1969,20230701,219550,0.8720022945456019
1970,20230701,219750,1.0
1971,20230701,220100,1.088805437690001
1972,20230701,220180,0.977370612248276
1973,20230701,220260,0.9729049992672772
1974,20230701,221840,0.9685269832857044
1975,20230701,221980,1.0440682784769586
1976,20230701,222040,1.1194271598211754
1977,20230701,222080,1.1530771311626755
1978,20230701,222110,0.9596135316526544
1979,20230701,222160,1.480386083882157
1980,20230701,222420,0.9886658998532248
1981,20230701,222800,1.1006063541176063
1982,20230701,222810,0.9914055358196654
1983,20230701,222980,1.0140740500691692
1984,20230701,223250,1.088129960857948
1985,20230701,223310,0.6925753737800002
1986,20230701,224060,0.9494268665283596
1987,20230701,224110,1.240176313784146
1988,20230701,225190,1.0012510353924924
1989,20230701,225220,0.8943282286270902
1990,20230701,225430,0.95058514008968
1991,20230701,225530,0.9931208685104376
1992,20230701,225570,1.123924260977489
1993,20230701,225590,1.0443059696080914
1994,20230701,226320,1.0043659634972042
1995,20230701,226330,1.6102682202298066
1996,20230701,226340,1.096296152544492
1997,20230701,226360,1.0
1998,20230701,226400,1.5467761055912357
1999,20230701,226440,1.0
2000,20230701,226950,0.8903294057485658
2001,20230701,227100,0.9891545609548146
2002,20230701,227610,2.3392434417217074
2003,20230701,227840,1.0968451915062978
2004,20230701,227950,0.895019758849127
2005,20230701,228340,1.0761522026895485
2006,20230701,228670,1.0070452613182828
2007,20230701,228760,1.0922762496840202
2008,20230701,228850,0.9711660864048494
2009,20230701,229000,0.8856088805215561
2010,20230701,229640,1.023236842488075
2011,20230701,230240,0.8985130170877322
2012,20230701,230360,0.9187633886677012
2013,20230701,230980,1.146849852757171
2014,20230701,232140,1.0821469190572088
2015,20230701,232680,0.9546095705646656
2016,20230701,232830,2.3796067374522
2017,20230701,234080,1.089087609075956
2018,20230701,234100,1.00176368172834
2019,20230701,234300,1.4576636379306829
2020,20230701,234340,0.9700193879942292
2021,20230701,234690,0.9146770125854408
2022,20230701,234920,0.7317417227543193
2023,20230701,235980,0.8796609968172724
2024,20230701,236200,0.9911719627017151
2025,20230701,236810,1.1141636923142246
2026,20230701,237690,0.892758875998789
2027,20230701,237750,1.204361554485399
2028,20230701,237820,1.0183925171505568
2029,20230701,237880,1.005113472900272
2030,20230701,238090,0.8608966272895442
2031,20230701,238120,1.1074087783694513
2032,20230701,238200,0.8725139920487408
2033,20230701,238490,0.8849575111852287
2034,20230701,239340,0.9012291607813616
2035,20230701,239610,0.8680196282114652
2036,20230701,239890,0.9478819136611332
2037,20230701,240810,1.019970363887813
2038,20230701,241520,0.9066067229928024
2039,20230701,241560,1.106985560424462
2040,20230701,241590,1.3030248106289055
2041,20230701,241690,0.9872529831910176
2042,20230701,241710,1.606707183458025
2043,20230701,241770,1.0351923951077653
2044,20230701,241790,1.0737305531259356
2045,20230701,241820,0.7938718836602117
2046,20230701,241840,0.880548630332485
2047,20230701,242040,1.0959308504221097
2048,20230701,243070,0.993852320683412
2049,20230701,243840,1.0550243230836511
2050,20230701,244460,0.6513917959532469
2051,20230701,244920,1.0217868285082454
2052,20230701,245620,1.109405257818521
2053,20230701,246690,0.9799940369275036
2054,20230701,246710,0.9737493571909333
2055,20230701,246720,1.0952017454154408
2056,20230701,246960,1.0781827901757746
2057,20230701,247540,1.0114824390018855
2058,20230701,247660,0.8718148082512718
2059,20230701,248070,1.1702105494818709
2060,20230701,248170,1.1904756669366483
2061,20230701,249420,0.8132024524004049
2062,20230701,250000,1.6501181305022596
2063,20230701,250060,0.905522149599448
2064,20230701,250930,1.0399736167685376
2065,20230701,251120,0.952251896883292
2066,20230701,251270,0.880403140685322
2067,20230701,251370,1.0382997684913071
2068,20230701,251630,1.1200093310402357
2069,20230701,251970,1.0022479147315826
2070,20230701,252500,0.9785379370444092
2071,20230701,252990,1.2407786751810372
2072,20230701,253450,0.8326906703399622
2073,20230701,253590,1.0623059602592284
2074,20230701,253840,0.8571692476387662
2075,20230701,254120,1.1816597975386962
2076,20230701,254490,0.8860736103280906
2077,20230701,255220,1.4610907283104413
2078,20230701,255440,0.8795219133458414
2079,20230701,256150,1.198593074302831
2080,20230701,256630,0.9616441581202646
2081,20230701,256840,0.8545826639447606
2082,20230701,256940,1.0264673879807873
2083,20230701,257370,1.0
2084,20230701,257720,1.2832212716485558
2085,20230701,258610,1.2320780051456082
2086,20230701,258790,0.9786993077006292
2087,20230701,258830,0.6797827649362819
2088,20230701,259630,1.027163541444391
2089,20230701,259960,1.0323366328966166
2090,20230701,260660,0.9591766748852244
2091,20230701,260930,1.127954298142584
2092,20230701,260970,0.9652580130356976
2093,20230701,261200,1.0599211569367883
2094,20230701,261780,0.8696991694886573
2095,20230701,262260,1.0073299739974175
2096,20230701,262840,1.013832618524821
2097,20230701,263020,1.0030229909969717
2098,20230701,263050,0.7917018202502516
2099,20230701,263540,1.0
2100,20230701,263600,0.9030027850300092
2101,20230701,263690,1.1053584260568237
2102,20230701,263700,0.8970192463637198
2103,20230701,263720,0.9293342919966447
2104,20230701,263750,1.0593180561696738
2105,20230701,263770,0.9211798185559246
2106,20230701,263800,0.859819218391307
2107,20230701,263810,0.7784043615156425
2108,20230701,263860,1.2589495158729764
2109,20230701,263920,0.9279020463105848
2110,20230701,264450,1.1044682834911446
2111,20230701,264660,1.0289720165055962
2112,20230701,264850,1.1428456965570466
2113,20230701,264900,1.0114797663542965
2115,20230701,265520,0.9942776823975916
2116,20230701,265560,0.9625006992537264
2117,20230701,265740,1.0757750246131543
2118,20230701,267250,1.051767076526382
2119,20230701,267260,1.3477801445498678
2120,20230701,267270,1.4610021322172964
2121,20230701,267290,0.9671910336965226
2122,20230701,267320,0.9395225693459108
2123,20230701,267790,1.131687573392966
2124,20230701,267850,0.9846384861763756
2125,20230701,267980,0.9172127259483672
2126,20230701,268280,1.14906660671284
2127,20230701,268600,1.0
2128,20230701,269620,1.0
2129,20230701,270520,0.9685082668492172
2130,20230701,270660,0.9799084029955948
2131,20230701,270870,1.0038407010038335
2132,20230701,271560,0.9346773854686392
2133,20230701,271830,0.8535940655138324
2134,20230701,271940,1.0801158988580457
2135,20230701,271980,0.9562930442497246
2136,20230701,272110,1.0028777540633913
2137,20230701,272210,1.041582554123739
2138,20230701,272290,0.9672792412202944
2139,20230701,272450,1.115110374840346
2140,20230701,272550,0.9981464895475112
2141,20230701,273060,1.1489326935624855
2142,20230701,273640,1.056716757231002
2143,20230701,274090,1.0740080134130523
2144,20230701,275630,0.949726946513776
2145,20230701,276040,0.896792381726446
2146,20230701,276730,0.945716795133884
2147,20230701,277070,0.960967400623716
2148,20230701,277410,1.6433496206014315
2149,20230701,277810,0.8882294983431998
2150,20230701,277880,1.2129541799268662
2151,20230701,278280,1.0188170124793858
2152,20230701,278650,0.8814351884413756
2153,20230701,279600,0.950566597225838
2154,20230701,280360,0.9582311102975004
2155,20230701,281740,1.341190123658609
2156,20230701,281820,1.086537856925497
2157,20230701,282330,0.9215360224404664
2158,20230701,282690,0.9900950772759468
2159,20230701,282720,0.8668433426452997
2160,20230701,282880,1.1086320343940668
2161,20230701,284620,0.9529189072582632
2162,20230701,284740,0.9464710444601804
2163,20230701,285130,0.9369115671363908
2165,20230701,285490,1.3211965626179742
2166,20230701,285800,0.7738832619402539
2167,20230701,286750,0.9419403974151108
2168,20230701,286940,0.89691220736817
2169,20230701,287410,1.1484335638068182
2170,20230701,288330,0.6747026387498716
2171,20230701,288620,0.9222910313913276
2172,20230701,288980,0.8198805537902868
2173,20230701,289010,0.9715758965225276
2174,20230701,289080,0.9606507342848564
2175,20230701,289220,0.8882503282160988
2176,20230701,290090,1.032060832471561
2177,20230701,290120,1.0688333099165963
2178,20230701,290270,1.186627807942914
2179,20230701,290380,1.0
2180,20230701,290520,0.8780324210208413
2181,20230701,290550,1.0284302658201865
2182,20230701,290650,1.017973060179079
2183,20230701,290660,1.054661769107364
2184,20230701,290670,1.0121552105690224
2185,20230701,290690,1.188902731419471
2186,20230701,290720,1.2043304952736424
2187,20230701,290740,1.0049910350415374
2188,20230701,291230,0.8858356190723742
2189,20230701,291650,1.3077769099622267
2190,20230701,291810,0.8857479569402336
2191,20230701,293480,0.9700598258656332
2192,20230701,293490,0.8473615854388825
2193,20230701,293580,0.963495826879002
2194,20230701,293780,0.8144342628075824
2195,20230701,293940,0.9861197536724438
2196,20230701,294090,0.9914474790890762
2197,20230701,294140,0.9501843907807108
2198,20230701,294570,0.8869009055921169
2199,20230701,294630,1.0553840242601416
2200,20230701,294870,0.9099260516003554
2201,20230701,296640,0.91089953423868
2202,20230701,297090,1.2706807167276497
2203,20230701,297570,0.9933365112638732
2204,20230701,297890,1.1794712015017528
2205,20230701,298000,0.94696684691347
2206,20230701,298020,1.0082628354573124
2207,20230701,298040,1.4605077225472949
2208,20230701,298050,1.0369030458459607
2209,20230701,298060,0.5548836422729584
2210,20230701,298380,0.836640552532603
2211,20230701,298540,0.9304703668595348
2212,20230701,298690,1.1229118188159632
2213,20230701,298830,0.8112815348444083
2214,20230701,298870,0.9711935747928456
2215,20230701,299030,1.403291908700791
2216,20230701,299170,1.01005174572442
2217,20230701,299660,0.8157700378237385
2218,20230701,299900,0.8682967765006464
2219,20230701,299910,1.0
2220,20230701,300080,0.8692859940311419
2221,20230701,300120,1.148906942341453
2222,20230701,300720,0.96139357641444
2223,20230701,301300,0.8990150429705143
2224,20230701,302430,1.0679141934282634
2225,20230701,302440,0.9624881252238
2226,20230701,302550,1.1134722290107155
2227,20230701,303030,0.8917219974431878
2228,20230701,303360,0.6459813535688504
2229,20230701,303530,0.9460113212974876
2230,20230701,304100,0.8602818923155418
2231,20230701,304360,0.7744600872875589
2232,20230701,304840,0.9492771343457532
2233,20230701,305090,1.0093847185728255
2234,20230701,306040,0.952267354651203
2235,20230701,306200,1.141005982401169
2236,20230701,306620,0.9754904806809392
2237,20230701,307180,1.062980732248966
2238,20230701,307280,1.1908521416014195
2239,20230701,307750,0.8915303300433242
2240,20230701,307870,1.0923583267001826
2241,20230701,307930,1.014356187963564
2242,20230701,307950,1.120551003956118
2243,20230701,308080,0.9913730327662432
2244,20230701,308100,0.8938229799244659
2245,20230701,308170,0.975026179969965
2246,20230701,309930,1.0712936382035056
2247,20230701,309960,0.8741487933881994
2248,20230701,310200,0.9961424970265662
2249,20230701,310210,1.0566467375991404
2250,20230701,310870,1.0389430789393412
2251,20230701,311320,1.3229676956576562
2252,20230701,311390,1.0969327794895452
2253,20230701,311690,0.8735651082465055
2254,20230701,312610,1.0260173752268376
2255,20230701,313760,1.312805673024212
2256,20230701,314130,0.9514902412837904
2257,20230701,314140,0.9635117863908071
2258,20230701,314930,1.0811894462600309
2259,20230701,315640,1.2520633235139724
2260,20230701,316140,0.985330380702842
2261,20230701,317120,0.9485136017636896
2262,20230701,317240,2.916990064341774
2263,20230701,317330,0.9204591612838212
2264,20230701,317400,0.9261947241588
2265,20230701,317530,0.950196665968063
2266,20230701,317690,0.9162413081376948
2267,20230701,317770,1.957287072546987
2268,20230701,317830,1.1113659080942897
2269,20230701,317850,1.0006606991770652
2270,20230701,317870,1.2606894676362526
2271,20230701,318000,0.8366600667729376
2272,20230701,318010,0.9956097930827916
2273,20230701,318020,1.0
2274,20230701,318160,0.8560880983916753
2275,20230701,318410,0.9684998791371456
2276,20230701,319400,0.9617892249621388
2277,20230701,319660,1.061657360641488
2278,20230701,320000,0.8305102471594696
2279,20230701,321260,0.9408327162699852
2280,20230701,321550,0.8351456987564352
2281,20230701,321820,0.8994593705818229
2282,20230701,322000,0.9413138065599151
2283,20230701,322180,1.2412532638633105
2284,20230701,322310,1.493899172013644
2285,20230701,322510,1.3935770698176402
2286,20230701,322780,1.1444062656496443
2287,20230701,323230,1.1631763822930987
2288,20230701,323280,1.1707806450146925
2289,20230701,323410,0.909896936881114
2290,20230701,323990,0.8913597315313256
2291,20230701,326030,1.1080291374021367
2292,20230701,327260,1.0563398552553291
2293,20230701,328130,1.9158191957309645
2294,20230701,328380,1.5758118547217148
2295,20230701,329180,1.1390446149025442
2296,20230701,330350,0.923273912799402
2297,20230701,330590,0.9350219117385898
2298,20230701,330730,0.9574541146582968
2299,20230701,330860,1.1631644665077254
2300,20230701,331380,1.0591054415476202
2301,20230701,331520,1.0242570838591225
2302,20230701,331920,1.059118121287454
2303,20230701,332290,0.8607151862575934
2304,20230701,332370,0.9999715552748372
2305,20230701,332570,0.8932514204678113
2306,20230701,333050,1.0374545792218013
2307,20230701,333430,0.9798026322299064
2308,20230701,333620,1.013849796210236
2309,20230701,334890,0.9593072056759728
2310,20230701,334970,1.0424031871696178
2311,20230701,335810,1.103856724011105
2312,20230701,335870,0.913132647639062
2313,20230701,335890,1.143851194628616
2314,20230701,336060,1.114580751696479
2315,20230701,336260,0.9342351818204024
2318,20230701,336370,0.9448440093284936
2321,20230701,336570,1.2766951036016556
2322,20230701,337930,1.048632662235126
2323,20230701,338100,1.0039353929819483
2324,20230701,338220,1.5236124296350435
2325,20230701,339770,0.9879309898437272
2326,20230701,339950,1.030570225283999
2327,20230701,340360,1.072522763945314
2328,20230701,340440,0.8868766233129249
2329,20230701,340570,0.9763928835622498
2330,20230701,340810,0.797007260172709
2331,20230701,340930,0.9193158566471628
2332,20230701,344820,1.0344219672802373
2333,20230701,344860,0.918935150669044
2334,20230701,347000,1.0795002999724568
2335,20230701,347700,0.9782011618098692
2336,20230701,347740,0.9805999005476812
2337,20230701,347770,1.032750487527479
2338,20230701,347860,0.9060282483106628
2339,20230701,347890,0.9794933554093976
2340,20230701,348030,0.9298363690086494
2341,20230701,348080,0.572797836246832
2342,20230701,348150,0.9037298728420408
2343,20230701,348210,1.018131374805551
2344,20230701,348340,0.9348118052365528
2345,20230701,348350,1.4115066357813888
2346,20230701,348370,0.982470936010701
2347,20230701,348950,0.9437852388483388
2348,20230701,350520,0.9766115568957312
2349,20230701,351320,0.9828514453714337
2350,20230701,351330,1.087495260878665
2351,20230701,352480,1.1607117388795027
2352,20230701,352700,0.9111442520492418
2353,20230701,352770,1.052808639449289
2354,20230701,352820,1.032646093665648
2355,20230701,352910,0.9648322351102108
2356,20230701,352940,1.0756036861370477
2357,20230701,353060,1.0
2358,20230701,353190,0.947692041943364
2359,20230701,353200,1.279417743964161
2361,20230701,353590,0.9150304439455748
2362,20230701,353810,0.9590008482660168
2363,20230701,354200,0.9098428108497008
2364,20230701,354320,
2365,20230701,355150,0.9273603280154684
2366,20230701,356680,1.2749713089932937
2367,20230701,356860,1.1766146485616271
2368,20230701,356890,0.9413662208956975
2369,20230701,357120,1.009536854117553
2370,20230701,357230,1.1697745972594324
2371,20230701,357250,0.9290424103604734
2372,20230701,357430,0.9825046604856096
2373,20230701,357550,1.4762724223562849
2374,20230701,357580,1.0617434976620963
2375,20230701,357780,1.094107205786128
2376,20230701,357880,0.9358304641341084
2377,20230701,358570,0.8427108118612617
2378,20230701,359090,0.9724878627357292
2379,20230701,360070,1.1641330341807383
2380,20230701,361390,0.9208923200951656
2381,20230701,361570,1.1912754520859388
2382,20230701,361610,1.1071642237982422
2383,20230701,361670,0.9771065260151154
2384,20230701,362320,0.9108479036345132
2385,20230701,363250,1.1567453142703263
2386,20230701,363260,1.1884524007784991
2387,20230701,363280,0.7941411682588445
2389,20230701,365270,1.0443998739038318
2390,20230701,365340,0.9609398046259878
2391,20230701,365550,0.9645083341770568
2392,20230701,365590,0.9602210554896315
2393,20230701,365900,0.9143444973500532
2394,20230701,366030,1.049535025152178
2395,20230701,366330,2.7508740404020453
2396,20230701,367000,0.9222004638320462
2397,20230701,367340,1.002519108530823
2398,20230701,367360,1.0
2399,20230701,367480,0.9753014139166724
2400,20230701,368600,1.0465769447895747
2401,20230701,368770,1.4649523663331592
2402,20230701,368970,0.9962983942077026
2403,20230701,369370,0.9167203094138674
2404,20230701,370090,1.0159531123332082
2405,20230701,371950,0.903197373221799
2406,20230701,372170,1.1489400265701637
2407,20230701,372290,1.0979691606054804
2408,20230701,372800,0.8379085723963957
2409,20230701,372910,1.0863683257923546
2410,20230701,373200,1.4564413629043589
2411,20230701,373220,0.9264109309156472
2412,20230701,373340,1.0
2413,20230701,375500,0.9591258858215076
2416,20230701,376180,1.09118180442666
2417,20230701,376190,1.051110731091942
2418,20230701,376290,1.0152234852411175
2419,20230701,376300,1.0277230431071191
2420,20230701,376930,0.8955575338643773
2421,20230701,376980,0.9158443810696292
2422,20230701,377030,0.9272137297055588
2423,20230701,377190,0.9868525881933778
2424,20230701,377220,0.992526091783946
2425,20230701,377300,0.7863133878228835
2426,20230701,377330,1.0379525877218194
2427,20230701,377400,1.0
2428,20230701,377450,1.0212403428586263
2429,20230701,377460,1.0133507428566442
2430,20230701,377480,0.8186229406748883
2431,20230701,377630,0.9492067817249312
2432,20230701,377740,0.8729076800720438
2433,20230701,378800,0.8331761770893555
2434,20230701,378850,1.0654715048657997
2435,20230701,380320,0.9883237995379784
2436,20230701,380440,1.0020230948538944
2437,20230701,380540,0.91751394364924
2438,20230701,381970,1.1512658366539223
2439,20230701,382480,1.0042268163712442
2440,20230701,382800,1.0534249712779384
2441,20230701,382840,0.9788281460869004
2442,20230701,382900,1.0415232279441264
2443,20230701,383220,0.9267913267410978
2444,20230701,383310,0.9995249497621396
2445,20230701,383800,0.967404584789671
2447,20230701,383930,0.9348579757744696
2448,20230701,386580,0.9807247108332348
2449,20230701,388050,1.0106419768854047
2450,20230701,388720,0.8865620015070411
2451,20230701,388790,0.8795915022739866
2452,20230701,388800,1.0249790592982189
2453,20230701,389020,0.9445796725802176
2454,20230701,389030,1.3540398047383573
2455,20230701,389140,0.8611460308221026
2456,20230701,389260,1.1467350138774683
2457,20230701,389470,0.9217834867457816
2458,20230701,389500,0.8180713965993044
2459,20230701,391060,0.9990494917594106
2460,20230701,391710,1.0301591874498246
2461,20230701,393210,1.15160094940561
2462,20230701,393360,1.0022986712589748
2463,20230701,393890,1.3892596221360574
2464,20230701,394280,0.8739944890269112
2465,20230701,395400,0.997089170439254
2466,20230701,396270,1.3515515630879082
2467,20230701,396300,0.8945826815226028
2468,20230701,396690,0.9924585113913972
2469,20230701,397030,0.9587264239938924
2470,20230701,397880,0.9979638157724022
2471,20230701,399720,1.0493679082208176
2472,20230701,400560,1.0739385589452202
2473,20230701,400760,0.9547912760053626
2474,20230701,400840,1.021402834326696
2475,20230701,402030,0.8537960669623522
2476,20230701,402340,0.9622054004601474
2477,20230701,403550,0.9756936253565344
2478,20230701,403870,1.056346568518748
2479,20230701,404950,1.0
2480,20230701,404990,0.9574407627542968
2481,20230701,405000,1.0377503173832443
2482,20230701,405100,1.0682009949823774
2483,20230701,405350,1.0
2484,20230701,405640,1.0275346448105986
2485,20230701,405920,1.0101538988868517
2486,20230701,406760,1.0352228700902444
2487,20230701,407400,1.3684079224605985
2488,20230701,408900,1.027982786047615
2489,20230701,408920,1.1152804674980332
2490,20230701,409570,0.9963418796715005
2491,20230701,411080,0.8411402467451289
2492,20230701,412350,1.6183029837866416
2493,20230701,412930,1.0143278030652203
2494,20230701,413600,0.9760549309345437
2495,20230701,413630,1.0168417145949225
2496,20230701,415580,1.000144027666315
2497,20230701,417010,0.9921758633050072
2498,20230701,417180,0.8201225832999862
2499,20230701,417310,1.025209360332561
2500,20230701,417500,0.8255425842452079
2501,20230701,417790,0.8361106344586381
2502,20230701,417840,1.0117153773304306
2503,20230701,417860,0.9996479715844996
2504,20230701,417970,0.8919835663697053
2505,20230701,418170,1.0
2506,20230701,418210,1.0478241146801734
2507,20230701,418420,0.712987354725109
2508,20230701,418550,1.0024118623881717
2509,20230701,419050,0.892666417725923
2510,20230701,419080,0.9323839588942566
2511,20230701,419120,1.005767744361822
2512,20230701,419270,1.0159161942137405
2513,20230701,419530,0.8603264865284942
2514,20230701,419540,1.267423477917728
2515,20230701,420770,1.2936450666542627
2516,20230701,421800,1.0240161618260124
2517,20230701,422040,1.016600640708316
2518,20230701,424140,1.0003204974580653
2519,20230701,424760,0.9076392142551556
2520,20230701,424980,0.877654505075856
2521,20230701,425040,1.226613939872495
2522,20230701,425290,1.0197522993689991
2523,20230701,425420,1.401018138101813
2524,20230701,426550,1.0
2525,20230701,427950,1.0
2526,20230701,430220,1.0072815751679407
2527,20230701,430230,1.007106486584879
2528,20230701,430460,1.0143930697050254
2529,20230701,430700,1.004711930856699
2530,20230701,432320,0.993776514378888
2531,20230701,433530,0.9704919724986844
2532,20230701,434480,0.6874679485111234
2533,20230701,435380,1.035992110799412
2534,20230701,435620,1.0
2535,20230701,435870,1.0234983931573127
2536,20230701,436530,1.0189567835800264
2537,20230701,436610,1.0
2538,20230701,437780,1.0
2539,20230701,438220,1.0
2540,20230701,438580,1.039522287479594
2541,20230701,439090,0.961210571367449
2542,20230701,439250,1.0020523876858245
2543,20230701,439410,1.0095077204230214
2544,20230701,439730,1.0218541073509864
2545,20230701,440200,1.0
2546,20230701,440320,
2547,20230701,440790,1.0283852916594471
2548,20230701,440820,1.0309402831708456
2549,20230701,441270,0.8920327147281619
2550,20230701,442130,1.018587890224937
2551,20230701,442310,0.990049833749168
2552,20230701,442770,1.0136170763119616
2553,20230701,442900,0.995939556516654
2554,20230701,445360,0.9979554327348104
2555,20230701,445970,1.0071885061096628
2556,20230701,446070,0.9171626888846146
2557,20230701,446150,1.01705352616735
2558,20230701,446190,1.033228183360845
2559,20230701,446750,1.0144547677590376
2560,20230701,446840,1.0168888170223722
2561,20230701,448370,1.009563983832806
2562,20230701,448730,1.0022002834257668
2563,20230701,448740,0.996967179229036
2564,20230701,448760,1.0251412204174175
2565,20230701,448830,1.0191405075075624
2566,20230701,449020,1.0025073271747296
2567,20230701,450050,1.0000221979894166
2568,20230701,450140,1.0377073944683854
2570,20230701,450410,1.0114739837501336
2571,20230701,451700,1.0000060517485014
2572,20230701,451800,1.066794175852933
2573,20230701,452260,0.9184879121250455
2575,20230701,453340,1.0875615191263228
2576,20230701,454640,1.002372478129303
2577,20230701,455250,1.0000274878874615
2578,20230701,456040,0.8537471742809404
2579,20230701,457190,3.6947310427061777
2580,20230701,460850,0.6427286637616642
2581,20230701,460860,0.7450334701522111
2582,20230701,900070,0.959550072711274
2583,20230701,900100,1.0325514287701814
2584,20230701,900110,0.9718445821776148
2585,20230701,900120,0.979468237097678
2586,20230701,900140,1.1174198894805685
2587,20230701,900250,1.2129737413352688
2588,20230701,900260,0.9099327412312028
2589,20230701,900270,0.9501111493105908
2590,20230701,900280,0.8829237261632952
2591,20230701,900290,1.57377545093273
2592,20230701,900300,0.9205424412513128
2593,20230701,900310,1.2535632142095543
2594,20230701,900340,0.9626056684901986
2595,20230701,950110,0.9716431707856132
2596,20230701,950130,0.8759284251890358
2597,20230701,950140,1.1553362784953167
2598,20230701,950160,0.9838206074665876
2599,20230701,950170,1.0234173211327446
2600,20230701,950190,0.8582818179935583
2601,20230701,950200,0.9666683568526996
2602,20230701,950210,0.9470327223286024
2603,20230701,950220,0.7972299297194444
